Trial,Nmax,F1,MSE,Time_s,Iterations,Fallback,NuFinal,NuFloor,NuFloorIteration,NuIterationsAfterFloor,NuPostFloorSatisfied,StopReason
1,200,1.0,0.004421224601211331,6.194812975000104,8468,46,3.3601714241984735e-05,3.3601714241984735e-05,4177,4291,True,converged
2,200,1.0,0.0029834532800398486,4.796072543999799,6430,28,3.3601714241984735e-05,3.3601714241984735e-05,4177,2253,True,converged
3,200,1.0,0.0011157558261294682,7.866929212000059,10340,80,3.3601714241984735e-05,3.3601714241984735e-05,4177,6163,True,converged
4,200,1.0,0.0036215154051849018,7.837542712000186,10437,68,3.3601714241984735e-05,3.3601714241984735e-05,4177,6260,True,converged
5,200,1.0,0.002819119522492629,5.982870901000069,7870,40,3.3601714241984735e-05,3.3601714241984735e-05,4177,3693,True,converged
6,200,1.0,0.003390911497939001,5.109321480000062,6863,25,3.3601714241984735e-05,3.3601714241984735e-05,4177,2686,True,converged
7,200,1.0,0.0031683031148070835,4.506894116000012,6133,40,3.3601714241984735e-05,3.3601714241984735e-05,4177,1956,True,converged
8,200,1.0,0.005098303732509592,6.3434579219999705,8593,32,3.3601714241984735e-05,3.3601714241984735e-05,4177,4416,True,converged
9,200,1.0,0.0036370312110612984,5.77970436999999,7903,45,3.3601714241984735e-05,3.3601714241984735e-05,4177,3726,True,converged
10,200,1.0,0.002195414317030932,6.558409704999804,9116,69,3.3601714241984735e-05,3.3601714241984735e-05,4177,4939,True,converged
11,200,1.0,0.004242149540405932,7.496130261000189,10224,32,3.3601714241984735e-05,3.3601714241984735e-05,4177,6047,True,converged
12,200,1.0,0.003141254268344463,6.741642549999824,9296,49,3.3601714241984735e-05,3.3601714241984735e-05,4177,5119,True,converged
13,200,1.0,0.0039324937201072295,7.577808731000005,10502,39,3.3601714241984735e-05,3.3601714241984735e-05,4177,6325,True,converged
14,200,1.0,0.0022181534424371447,6.369674583999995,8543,58,3.3601714241984735e-05,3.3601714241984735e-05,4177,4366,True,converged
15,200,1.0,0.007325188569781923,5.094391373999997,6962,69,3.3601714241984735e-05,3.3601714241984735e-05,4177,2785,True,converged
16,200,1.0,0.005210228973080287,5.462271698999984,7227,35,3.3601714241984735e-05,3.3601714241984735e-05,4177,3050,True,converged
17,200,1.0,0.00151982035448538,5.318986876000054,7313,44,3.3601714241984735e-05,3.3601714241984735e-05,4177,3136,True,converged
18,200,1.0,0.0016697452695536472,6.630208851999896,8731,21,3.3601714241984735e-05,3.3601714241984735e-05,4177,4554,True,converged
19,200,1.0,0.002916049819536614,4.177544173000115,5555,42,3.3601714241984735e-05,3.3601714241984735e-05,4177,1378,True,converged
20,200,1.0,0.004105130483028887,6.35690238799998,8293,16,3.3601714241984735e-05,3.3601714241984735e-05,4177,4116,True,converged
