Digit,Trials,MeanPSNR,MeanSSIM,MeanGMSD,MeanMSE,MeanTime_s
0,20,18.045781083106345,0.6293628496613136,0.1958316076350537,0.015868369405482752,0.2218000337499973
1,20,21.249207676726883,0.4839357467238499,0.1490871183065725,0.007865291856842104,0.40374961839997925
2,20,17.572898504064568,0.6091248288016358,0.22856590630182297,0.017695736756566265,0.2039659714500317
3,20,18.92006799759183,0.5566252913976298,0.19406938112908617,0.01316854822320091,0.5128104662500391
4,20,18.917329509811438,0.4345952202096413,0.19814493253099108,0.013251465150040363,0.3236281661000021
5,20,18.30908069320966,0.5497187771744293,0.20634408089727524,0.014964814528513925,0.4960834108499853
6,20,19.435042520132466,0.5211946331919918,0.17605826202258715,0.011544336698053336,0.17518415230001666
7,20,19.18809670594094,0.5308469844980775,0.18243631451829184,0.012211887988630475,0.33925641320003025
8,20,18.147624395441248,0.5308083163851196,0.19935522507093756,0.015526609811424457,0.4591863179000029
9,20,18.925545197256987,0.5328655466354377,0.18966284868662592,0.01294886529196122,0.770622888950004
