Trial,Digit,PSNR,SSIM,GMSD,MSE,Time_s,Iterations,NuFinal,NuFloor,NuFloorIteration,NuIterationsAfterFloor,NuPostFloorSatisfied,StopReason
1,0,17.270346026786733,0.5888712539162078,0.20611510145339557,0.01874845122683587,0.3038065039999083,1590,0.00037296000000000003,0.00037296000000000003,557,1033,True,converged
2,0,17.958252382291864,0.5846740581729781,0.19834226408782804,0.016002018264456384,0.16534573800004182,812,0.00037296000000000003,0.00037296000000000003,557,255,True,converged
3,0,18.28237067280166,0.7039838577129197,0.20854792061884772,0.01485124739528872,0.16164193700001306,796,0.00037296000000000003,0.00037296000000000003,557,239,True,converged
4,0,18.66319305070394,0.6528553666282851,0.21698486427296496,0.013604440793271198,0.24481707199993252,1292,0.00037296000000000003,0.00037296000000000003,557,735,True,converged
5,0,18.712688879257428,0.6194535595266114,0.18665933400006227,0.013450273395722473,0.24191025700008595,996,0.00037296000000000003,0.00037296000000000003,557,439,True,converged
6,0,17.379722213328296,0.5470157945774664,0.1916747329251677,0.018282171501902453,0.13968778200000997,707,0.00037296000000000003,0.00037296000000000003,557,150,True,converged
7,0,18.909681207133303,0.6211088981591835,0.19461254920064242,0.012853810095784221,0.1305401779999329,695,0.00037296000000000003,0.00037296000000000003,557,138,True,converged
8,0,19.18218802017606,0.668100673193275,0.16822931503425526,0.012072054793603869,0.15102863000004163,785,0.00037296000000000003,0.00037296000000000003,557,228,True,converged
9,0,17.055379760011306,0.6552975405672646,0.22467094610206495,0.019699809386928443,0.568370515999959,3052,0.00037296000000000003,0.00037296000000000003,557,2495,True,converged
10,0,18.264817720092147,0.659082340072697,0.1609806163355056,0.014911393394939106,0.22182740599998851,1165,0.00037296000000000003,0.00037296000000000003,557,608,True,converged
11,0,18.62279400938618,0.5980127208289365,0.18549255536499765,0.013731582770443094,0.2124303370000007,1074,0.00037296000000000003,0.00037296000000000003,557,517,True,converged
12,0,18.260316836639138,0.6290901370264731,0.20075385918386246,0.014926855077321832,0.217838281000013,1182,0.00037296000000000003,0.00037296000000000003,557,625,True,converged
13,0,18.033813340976227,0.5750928770631601,0.20430530192885246,0.015726014287642247,0.23392241500005184,1183,0.00037296000000000003,0.00037296000000000003,557,626,True,converged
14,0,17.3318239832668,0.5852003767488941,0.20852664978517793,0.018484921120363696,0.20413967100000718,1076,0.00037296000000000003,0.00037296000000000003,557,519,True,converged
15,0,17.05981512650451,0.6536913902583051,0.20258551034345088,0.019679700618420747,0.1870944929999041,916,0.00037296000000000003,0.00037296000000000003,557,359,True,converged
16,0,18.698482161943126,0.6516995846373679,0.18405755683817518,0.013494344209428018,0.22512517300003765,1178,0.00037296000000000003,0.00037296000000000003,557,621,True,converged
17,0,18.411158506929468,0.7492050210434126,0.17533440868269587,0.01441730709793859,0.1642866329999606,814,0.00037296000000000003,0.00037296000000000003,557,257,True,converged
18,0,17.833582493275873,0.6002296510630202,0.19681586819495459,0.01646803383691369,0.30044875999999476,1527,0.00037296000000000003,0.00037296000000000003,557,970,True,converged
19,0,18.089211863710158,0.6108816088104778,0.19708930431596808,0.015526687550902073,0.16673262000006162,890,0.00037296000000000003,0.00037296000000000003,557,333,True,converged
20,0,16.895983406912634,0.6337102832193374,0.20485349403220443,0.020436271291548267,0.19500627200000054,1002,0.00037296000000000003,0.00037296000000000003,557,445,True,converged
1,1,22.726566393149955,0.3821008169008052,0.13905590903760898,0.005337567259578247,0.16230700199992043,781,0.00037296000000000003,0.00037296000000000003,557,224,True,converged
2,1,22.919471626065537,0.41542649004157933,0.1465283271947168,0.00510567113116556,2.785162613999887,14823,0.00037296000000000003,0.00037296000000000003,557,14266,True,converged
3,1,20.940529438529314,0.5211266647425628,0.1599505861875869,0.008052802653286279,0.23919591899993975,1165,0.00037296000000000003,0.00037296000000000003,557,608,True,converged
4,1,22.721823875501777,0.6460547890827769,0.11877927147944031,0.005343399093564912,0.1459878599998774,801,0.00037296000000000003,0.00037296000000000003,557,244,True,converged
5,1,19.7589132299408,0.5606102089975473,0.16142270316055973,0.010570819982616005,0.13531983100006073,727,0.00037296000000000003,0.00037296000000000003,557,170,True,converged
6,1,20.635557461034924,0.5296741358198057,0.17887622368040934,0.008638617681439972,0.14363424999987728,754,0.00037296000000000003,0.00037296000000000003,557,197,True,converged
7,1,21.191275339486264,0.3784044814451455,0.15027353547755024,0.007601030340021315,0.11579293199997664,607,0.00037296000000000003,0.00037296000000000003,557,50,True,converged
8,1,20.610451191920355,0.39488481770942574,0.1752719384619643,0.00868870156999703,0.16651847200000702,893,0.00037296000000000003,0.00037296000000000003,557,336,True,converged
9,1,20.202638984636366,0.6765993558297818,0.166851871473181,0.009544124623217225,0.264508233000015,1417,0.00037296000000000003,0.00037296000000000003,557,860,True,converged
10,1,22.547707705190852,0.5518461748520995,0.13435631364441347,0.005561977523193702,0.1365535700001601,694,0.00037296000000000003,0.00037296000000000003,557,137,True,converged
11,1,21.082224786971175,0.5049733555960796,0.11377772248049814,0.007794307244777225,0.20613006200005657,1062,0.00037296000000000003,0.00037296000000000003,557,505,True,converged
12,1,21.563353251889183,0.5297598428040116,0.13965513495882123,0.006976934965931846,0.1263127950001035,697,0.00037296000000000003,0.00037296000000000003,557,140,True,converged
13,1,22.966701514341864,0.47002642392800165,0.1281073482727823,0.005050447356278024,0.12693619399988165,646,0.00037296000000000003,0.00037296000000000003,557,89,True,converged
14,1,21.62007724790968,0.3952749008817851,0.14606223658080794,0.0068864004740271595,0.20078172400008043,977,0.00037296000000000003,0.00037296000000000003,557,420,True,converged
15,1,21.510827290635625,0.4682694963704386,0.14531800399109582,0.007061830201457693,0.13429350199999135,751,0.00037296000000000003,0.00037296000000000003,557,194,True,converged
16,1,21.146617092907075,0.6897249327310765,0.17808279967759785,0.007679594531928476,0.11696054000003642,627,0.00037296000000000003,0.00037296000000000003,557,70,True,converged
17,1,18.886405464875203,0.3640531874442231,0.16437809574446005,0.012922884224302286,0.13064898599986918,679,0.00037296000000000003,0.00037296000000000003,557,122,True,converged
18,1,22.136861143525056,0.5194006670016327,0.1184105021726445,0.006113837418902971,0.11244778799982669,613,0.00037296000000000003,0.00037296000000000003,557,56,True,converged
19,1,18.026655882630806,0.3141684442191146,0.17211576819225954,0.015751953160826622,2.4872204860000693,13334,0.00037296000000000003,0.00037296000000000003,557,12777,True,converged
20,1,21.789494613395888,0.36633574807910274,0.14446807426305167,0.006622935700329512,0.13827960799994798,721,0.00037296000000000003,0.00037296000000000003,557,164,True,converged
1,2,17.474671891348976,0.6319380977053428,0.2500546694508682,0.017886806584850912,0.37792927100008455,2051,0.00037296000000000003,0.00037296000000000003,557,1494,True,converged
2,2,18.818871990906022,0.6267600211344629,0.20714530549651267,0.01312540765809594,0.1925419960000454,1055,0.00037296000000000003,0.00037296000000000003,557,498,True,converged
3,2,17.236709672082455,0.7014365054447538,0.22784152036130578,0.018894222824204873,0.22983958200006782,1145,0.00037296000000000003,0.00037296000000000003,557,588,True,converged
4,2,17.616607119720836,0.5924520429436099,0.22471800594801167,0.01731168288199783,0.25863342800016653,1377,0.00037296000000000003,0.00037296000000000003,557,820,True,converged
5,2,17.688176459664366,0.6158014562342934,0.23749413949131978,0.017028733704462423,0.1326701680000042,688,0.00037296000000000003,0.00037296000000000003,557,131,True,converged
6,2,18.010577787886106,0.590360460149061,0.23216738054441827,0.015810376831115743,0.15909577499996885,840,0.00037296000000000003,0.00037296000000000003,557,283,True,converged
7,2,17.690663976483112,0.6003651638901308,0.23244255123232208,0.01701898291681153,0.20697131599990826,1078,0.00037296000000000003,0.00037296000000000003,557,521,True,converged
8,2,15.6919576263957,0.4877542505400885,0.28064364369643136,0.02696523673080945,0.21673061100000268,1138,0.00037296000000000003,0.00037296000000000003,557,581,True,converged
9,2,17.410357106925453,0.5934050234817655,0.22881588407164585,0.01815366384670611,0.18043839599999956,952,0.00037296000000000003,0.00037296000000000003,557,395,True,converged
10,2,16.786608290796607,0.6031609154518724,0.25555424268758553,0.020957485334374356,0.23441090899996198,1273,0.00037296000000000003,0.00037296000000000003,557,716,True,converged
11,2,18.526954221501033,0.5917041728118895,0.2380919640879568,0.014037978659066353,0.15159380299996883,797,0.00037296000000000003,0.00037296000000000003,557,240,True,converged
12,2,18.5443319851408,0.604224171798566,0.21611291902582963,0.013981919632262018,0.20630994600014674,1095,0.00037296000000000003,0.00037296000000000003,557,538,True,converged
13,2,18.04883106051667,0.6520358980950648,0.23707428365831631,0.01567172830862215,0.18151716500005932,986,0.00037296000000000003,0.00037296000000000003,557,429,True,converged
14,2,17.452930211849463,0.6018720492389805,0.21759199487341108,0.017976576151036237,0.2148577309999382,1146,0.00037296000000000003,0.00037296000000000003,557,589,True,converged
15,2,17.09269512476674,0.6189604854871802,0.19905089950029364,0.019531270170078247,0.24589001000003918,1340,0.00037296000000000003,0.00037296000000000003,557,783,True,converged
16,2,17.4661222926517,0.5982466318003695,0.22906796853317604,0.01792205355411706,0.21594619200004672,1147,0.00037296000000000003,0.00037296000000000003,557,590,True,converged
17,2,17.276028050109396,0.5889669900480846,0.20877031152751338,0.01872393802574888,0.19550526500006526,1049,0.00037296000000000003,0.00037296000000000003,557,492,True,converged
18,2,17.874521441932544,0.5868417164861816,0.20673468301473766,0.016313526614461605,0.13720980000016425,690,0.00037296000000000003,0.00037296000000000003,557,133,True,converged
19,2,17.39817932643232,0.6509027937737311,0.2248022478418782,0.018204638836894407,0.18767725999987306,952,0.00037296000000000003,0.00037296000000000003,557,395,True,converged
20,2,17.352174444181085,0.6453077295172854,0.21714351099292545,0.018398505865609135,0.15355080500012264,813,0.00037296000000000003,0.00037296000000000003,557,256,True,converged
1,3,19.168476692839718,0.5862163460886858,0.1887981392555636,0.012110228306938045,0.11866140600000108,653,0.00037296000000000003,0.00037296000000000003,557,96,True,converged
2,3,18.44350007260574,0.5362757215371954,0.2080033552841186,0.014310341332374419,0.2323589190000348,1233,0.00037296000000000003,0.00037296000000000003,557,676,True,converged
3,3,18.21204316457606,0.4989758069679427,0.18021319246480708,0.015093698949365067,0.185335810999959,1000,0.00037296000000000003,0.00037296000000000003,557,443,True,converged
4,3,18.5580568705859,0.6055420310593295,0.17228661796153402,0.01393780271529406,0.17094226400013213,909,0.00037296000000000003,0.00037296000000000003,557,352,True,converged
5,3,17.40504801885226,0.44662021008814273,0.22235846333523696,0.01817586959380985,0.19185710200008543,994,0.00037296000000000003,0.00037296000000000003,557,437,True,converged
6,3,19.11017398743426,0.6059909594521465,0.21119632276398212,0.012273900583658242,0.15299221100008253,804,0.00037296000000000003,0.00037296000000000003,557,247,True,converged
7,3,20.143341232696244,0.6156959558160875,0.1713455253318455,0.009675332008317885,0.18070925300003182,964,0.00037296000000000003,0.00037296000000000003,557,407,True,converged
8,3,20.559117011914086,0.5711608843749894,0.1652215951223429,0.00879201253920727,0.14683374700007334,718,0.00037296000000000003,0.00037296000000000003,557,161,True,converged
9,3,17.692435198035877,0.5640156863248421,0.20101941762480013,0.017012043329869136,0.23077993600008995,1243,0.00037296000000000003,0.00037296000000000003,557,686,True,converged
10,3,19.693767036545243,0.5483504330985658,0.18037070348036532,0.010730582461828014,0.3093528110000534,1657,0.00037296000000000003,0.00037296000000000003,557,1100,True,converged
11,3,20.081542554547674,0.5220173358490685,0.20857513013949044,0.009813993015101158,1.5373651390000305,8387,0.00037296000000000003,0.00037296000000000003,557,7830,True,converged
12,3,18.487836231179315,0.6259973230432369,0.2214036160258801,0.01416499341238111,0.12526188600008936,686,0.00037296000000000003,0.00037296000000000003,557,129,True,converged
13,3,17.30678674634084,0.6341557205015788,0.19775936137098407,0.018591795142155483,0.19304077499987216,1000,0.00037296000000000003,0.00037296000000000003,557,443,True,converged
14,3,17.359761312528548,0.4623381176427867,0.2168579770975244,0.018366392819413855,0.1937629779999952,1043,0.00037296000000000003,0.00037296000000000003,557,486,True,converged
15,3,20.712314331521874,0.5854387544859647,0.20085496303088343,0.008487280719616346,3.2223641339999176,17284,0.00037296000000000003,0.00037296000000000003,557,16727,True,converged
16,3,19.253187900347054,0.5483519864745705,0.19470408710894116,0.011876301379714769,2.2994354390000353,11078,0.00037296000000000003,0.00037296000000000003,557,10521,True,converged
17,3,19.04110748774595,0.5118551237558332,0.17006909625252606,0.012470654614269858,0.1926032800001849,1001,0.00037296000000000003,0.00037296000000000003,557,444,True,converged
18,3,18.45200807850485,0.4889803004461733,0.19620332669994256,0.014282334232961871,0.17635603899998387,943,0.00037296000000000003,0.00037296000000000003,557,386,True,converged
19,3,19.131706954772216,0.6648664678945436,0.199589111765876,0.012213195373342402,0.2661586690001059,1403,0.00037296000000000003,0.00037296000000000003,557,846,True,converged
20,3,19.58914906826295,0.5096606630509146,0.1745576204650788,0.010992211934399363,0.13003752600002372,672,0.00037296000000000003,0.00037296000000000003,557,115,True,converged
1,4,19.14835143277914,0.4256385731537715,0.19645024626239496,0.012166477483879837,0.15507279300004484,803,0.00037296000000000003,0.00037296000000000003,557,246,True,converged
2,4,16.42416777601024,0.3491264690670786,0.25464534251149396,0.022781547552081532,0.19238501199993152,1005,0.00037296000000000003,0.00037296000000000003,557,448,True,converged
3,4,19.084877632856863,0.41672192635849015,0.20047092617417922,0.012345600997397963,0.24322248099997523,1333,0.00037296000000000003,0.00037296000000000003,557,776,True,converged
4,4,20.16021770543665,0.43899060955531227,0.1800376722256696,0.009637807095034784,0.17982037000001583,974,0.00037296000000000003,0.00037296000000000003,557,417,True,converged
5,4,20.26530297969931,0.46750915870478876,0.14633453658728998,0.009407401982736471,0.11792308700000831,616,0.00037296000000000003,0.00037296000000000003,557,59,True,converged
6,4,18.23883035951635,0.38216970722195637,0.21654253219701672,0.015000887845269147,0.15720064900006037,819,0.00037296000000000003,0.00037296000000000003,557,262,True,converged
7,4,19.778198519397574,0.4221744975820538,0.20339883839639275,0.010523983246856838,0.22447702099998423,1212,0.00037296000000000003,0.00037296000000000003,557,655,True,converged
8,4,16.682218100884747,0.4058623380373561,0.20065332797377772,0.021467337785750537,0.1982172680000076,997,0.00037296000000000003,0.00037296000000000003,557,440,True,converged
9,4,19.967417483620235,0.45169007612336404,0.18124678422100265,0.010075306151783649,0.1893224839998311,1016,0.00037296000000000003,0.00037296000000000003,557,459,True,converged
10,4,18.888273396464367,0.4596630980263461,0.21070356218121444,0.012917327194631487,0.1545395370001188,779,0.00037296000000000003,0.00037296000000000003,557,222,True,converged
11,4,17.4193011103551,0.3624573533599188,0.2536926370639143,0.01811631606500659,0.18724011299991616,969,0.00037296000000000003,0.00037296000000000003,557,412,True,converged
12,4,18.551196512196764,0.39516577424830757,0.21968176594926878,0.013959837046278298,2.0881185010000536,11506,0.00037296000000000003,0.00037296000000000003,557,10949,True,converged
13,4,19.70826699638938,0.5208654258043564,0.19574502442851308,0.010694815587539106,0.1432581389999541,691,0.00037296000000000003,0.00037296000000000003,557,134,True,converged
14,4,19.046806816216172,0.4050836304714472,0.17630137150612987,0.012454299872469364,0.1410913409999921,732,0.00037296000000000003,0.00037296000000000003,557,175,True,converged
15,4,18.444100005078994,0.46087294808880497,0.19306944338733503,0.014308364644695174,0.129161780000004,679,0.00037296000000000003,0.00037296000000000003,557,122,True,converged
16,4,18.557783842329446,0.5086304770675308,0.16750084715198243,0.013938678971786562,0.14145269699997698,765,0.00037296000000000003,0.00037296000000000003,557,208,True,converged
17,4,20.34032453451069,0.4154339324224485,0.18259238078226472,0.009246290767542678,0.1841474880000078,987,0.00037296000000000003,0.00037296000000000003,557,430,True,converged
18,4,19.458928561145157,0.506395339064103,0.18503692443027117,0.011326797698309332,0.19953020499997365,1075,0.00037296000000000003,0.00037296000000000003,557,518,True,converged
19,4,19.1680720454642,0.466076658066217,0.2319077031834137,0.012111356711881016,0.15229190500008372,765,0.00037296000000000003,0.00037296000000000003,557,208,True,converged
20,4,19.013954385877373,0.4313764117691736,0.16688678400629636,0.01254886829987685,1.294090451000102,7059,0.00037296000000000003,0.00037296000000000003,557,6502,True,converged
1,5,17.291639413909543,0.510080359251305,0.24520716426717704,0.018656752859869827,0.6722541250001086,3636,0.00037296000000000003,0.00037296000000000003,557,3079,True,converged
2,5,17.439047198624497,0.496473538714446,0.22512401111118346,0.018034133494423284,2.260217401999853,12024,0.00037296000000000003,0.00037296000000000003,557,11467,True,converged
3,5,17.100000519820707,0.5127711337094544,0.2174774359307059,0.019498443663750347,0.18297863600014352,983,0.00037296000000000003,0.00037296000000000003,557,426,True,converged
4,5,18.887621492576425,0.554728707643117,0.21403858007481402,0.012919266313873107,0.27824023800008035,1447,0.00037296000000000003,0.00037296000000000003,557,890,True,converged
5,5,18.033692426140185,0.5692201457547923,0.23366891901142325,0.01572645213223601,0.18859888199995112,1002,0.00037296000000000003,0.00037296000000000003,557,445,True,converged
6,5,19.371866767290765,0.5055698271530655,0.18979953668842117,0.011556154067873624,0.1428255559999343,738,0.00037296000000000003,0.00037296000000000003,557,181,True,converged
7,5,19.11486536582335,0.5231499221487123,0.20200458956502873,0.012260649109161265,2.999431575000017,14749,0.00037296000000000003,0.00037296000000000003,557,14192,True,converged
8,5,17.705656324582282,0.6192729099894254,0.2074815296175071,0.016960332710169623,0.16676071299980322,880,0.00037296000000000003,0.00037296000000000003,557,323,True,converged
9,5,17.84308290472965,0.5335792362175734,0.1824462089351716,0.016432048554120865,0.14717392200009272,751,0.00037296000000000003,0.00037296000000000003,557,194,True,converged
10,5,19.473461257125567,0.5347651377586188,0.17981056205363874,0.011288958442301706,0.19371329699993112,1021,0.00037296000000000003,0.00037296000000000003,557,464,True,converged
11,5,18.70664066525419,0.5956981987395084,0.2130300471764934,0.013469018005161211,0.11656443699985175,607,0.00037296000000000003,0.00037296000000000003,557,50,True,converged
12,5,18.858668285286594,0.5308160255217247,0.1785846957722141,0.013005683214025449,0.17040813899984641,905,0.00037296000000000003,0.00037296000000000003,557,348,True,converged
13,5,18.848833954424325,0.5827538817291226,0.19694010532983866,0.013035167151730401,0.42505700800006707,2273,0.00037296000000000003,0.00037296000000000003,557,1716,True,converged
14,5,18.75263106675068,0.6303497572686433,0.18629744131911244,0.013327137955325533,0.20822163999991972,1137,0.00037296000000000003,0.00037296000000000003,557,580,True,converged
15,5,16.99259130286976,0.45519676686870963,0.2247138191119041,0.019986689688982137,0.1974418259999311,1052,0.00037296000000000003,0.00037296000000000003,557,495,True,converged
16,5,18.098873296458777,0.5640847815604878,0.22244244347664957,0.015492184853013747,0.16703881400007958,831,0.00037296000000000003,0.00037296000000000003,557,274,True,converged
17,5,18.450486874221028,0.6868162479260503,0.2046396602644345,0.014287337785715693,0.8477733229999558,4600,0.00037296000000000003,0.00037296000000000003,557,4043,True,converged
18,5,18.32751322641295,0.5218901525566927,0.22294034578494776,0.014697676268305261,0.19047701600015898,1018,0.00037296000000000003,0.00037296000000000003,557,461,True,converged
19,5,18.651005538580097,0.5929350078367599,0.1949860082380529,0.013642672260235125,0.2280196659999092,1211,0.00037296000000000003,0.00037296000000000003,557,654,True,converged
20,5,18.23343598331175,0.47422380514037554,0.18524851421678584,0.015019532040004354,0.13847200200007137,746,0.00037296000000000003,0.00037296000000000003,557,189,True,converged
1,6,19.59562113590376,0.486871052056825,0.183925482470581,0.010975843005352542,0.1364430450000782,735,0.00037296000000000003,0.00037296000000000003,557,178,True,converged
2,6,18.976102925746687,0.7029555829053049,0.1715011900100242,0.012658717483805301,0.18730329300001358,937,0.00037296000000000003,0.00037296000000000003,557,380,True,converged
3,6,19.284432436327045,0.46754080613140653,0.19193297449902186,0.011791166076388799,0.15425478100019063,813,0.00037296000000000003,0.00037296000000000003,557,256,True,converged
4,6,19.349153330164803,0.44293278146924114,0.18650585678692008,0.011616750637282597,0.15238028299995676,795,0.00037296000000000003,0.00037296000000000003,557,238,True,converged
5,6,20.564834142859205,0.5126662762031211,0.14961520219765242,0.00878044618996035,0.20686175800005913,1082,0.00037296000000000003,0.00037296000000000003,557,525,True,converged
6,6,19.628412282139912,0.6139808070551961,0.14311883030197403,0.010893282632161022,0.1177864530000079,622,0.00037296000000000003,0.00037296000000000003,557,65,True,converged
7,6,21.12018416918596,0.7005623009440693,0.17166748592736752,0.007726478190940541,0.334746148000022,1830,0.00037296000000000003,0.00037296000000000003,557,1273,True,converged
8,6,19.43336696258793,0.5048219560132889,0.17344146869110685,0.011393661266544102,0.2359526499999447,1251,0.00037296000000000003,0.00037296000000000003,557,694,True,converged
9,6,19.3922874348079,0.4954437685388559,0.14949756991944535,0.011501944204463953,0.14285328200003278,760,0.00037296000000000003,0.00037296000000000003,557,203,True,converged
10,6,18.117179020240798,0.4339897493004498,0.2105511123007425,0.015427021968699875,0.2023699740000211,1072,0.00037296000000000003,0.00037296000000000003,557,515,True,converged
11,6,18.562970299159556,0.521420161453724,0.1884048031403852,0.013922042977030591,0.20826185599980818,1111,0.00037296000000000003,0.00037296000000000003,557,554,True,converged
12,6,18.57658299923058,0.5301809672535087,0.19231854123880415,0.013878473486929482,0.19626853299996583,1006,0.00037296000000000003,0.00037296000000000003,557,449,True,converged
13,6,19.50812985559349,0.4454424620540571,0.17308334496373884,0.011199200358771895,0.14698505799992745,803,0.00037296000000000003,0.00037296000000000003,557,246,True,converged
14,6,19.577330964474896,0.6101686239367715,0.17996084259611547,0.01102216488572439,0.1687212819999786,917,0.00037296000000000003,0.00037296000000000003,557,360,True,converged
15,6,18.763233534234498,0.5710769008071676,0.19026002617801824,0.0132946419845329,0.11369459599995935,610,0.00037296000000000003,0.00037296000000000003,557,53,True,converged
16,6,20.340049761734555,0.47677210919908164,0.15591066037768553,0.009246875787491574,0.16023202200017295,866,0.00037296000000000003,0.00037296000000000003,557,309,True,converged
17,6,18.813580790046363,0.46286288601436065,0.16773306033187885,0.01314140866544363,0.17080571300016345,907,0.00037296000000000003,0.00037296000000000003,557,350,True,converged
18,6,19.397703446568435,0.4598618929639642,0.177911228634602,0.011487609268029358,0.16397014199992554,895,0.00037296000000000003,0.00037296000000000003,557,338,True,converged
19,6,20.490162131130507,0.459710657046151,0.17324185369183828,0.008932721354107664,0.1349413780001214,710,0.00037296000000000003,0.00037296000000000003,557,153,True,converged
20,6,19.2095327805125,0.5246309224932902,0.19058370619384074,0.011996283537406168,0.16885079899998345,834,0.00037296000000000003,0.00037296000000000003,557,277,True,converged
1,7,17.84899003918778,0.43790043327453104,0.2299052822150622,0.016409713401144464,0.20177737500011972,1095,0.00037296000000000003,0.00037296000000000003,557,538,True,converged
2,7,19.96839195880829,0.5245370984931809,0.15999424098774945,0.010073045696068489,0.1804484340000272,979,0.00037296000000000003,0.00037296000000000003,557,422,True,converged
3,7,19.206043793778893,0.4867888049637464,0.18813845279006888,0.012005924850573665,1.1401109790001556,6184,0.00037296000000000003,0.00037296000000000003,557,5627,True,converged
4,7,20.279883323398728,0.48046320322428127,0.15422895553984073,0.009375871955991114,0.18430051800010006,974,0.00037296000000000003,0.00037296000000000003,557,417,True,converged
5,7,19.12452320914005,0.529982881841531,0.18791113922491498,0.012233414164020233,0.12154068299992105,607,0.00037296000000000003,0.00037296000000000003,557,50,True,converged
6,7,20.331752437027248,0.7544049072278123,0.1668406083230411,0.009264559104431637,0.1506383820001247,760,0.00037296000000000003,0.00037296000000000003,557,203,True,converged
7,7,19.400100393184346,0.44214891167185977,0.16819777406724404,0.011481270806425272,0.24392663200001152,1192,0.00037296000000000003,0.00037296000000000003,557,635,True,converged
8,7,18.975874223281327,0.5104841547269279,0.18718422052585423,0.012659384118139215,0.12746473499987587,661,0.00037296000000000003,0.00037296000000000003,557,104,True,converged
9,7,19.028298421497453,0.5819328413195511,0.18479319332975977,0.01250748981344209,0.1357743500000197,719,0.00037296000000000003,0.00037296000000000003,557,162,True,converged
10,7,17.894274576178443,0.612367344240091,0.2125148635478519,0.01623949584260454,0.1597245519999433,832,0.00037296000000000003,0.00037296000000000003,557,275,True,converged
11,7,18.424169142536293,0.6442893202842769,0.1918189087673636,0.014374180223712972,0.1351304799998161,707,0.00037296000000000003,0.00037296000000000003,557,150,True,converged
12,7,19.375236349414333,0.5560931497618505,0.1735925688878917,0.011547191414734858,0.15693092300011813,850,0.00037296000000000003,0.00037296000000000003,557,293,True,converged
13,7,18.459726953789705,0.559149108177978,0.19220670628731967,0.014256972260989854,0.15745806600011747,796,0.00037296000000000003,0.00037296000000000003,557,239,True,converged
14,7,18.60257606499687,0.4688439723081165,0.2039293505506777,0.013795657174385011,2.806551283999852,15051,0.00037296000000000003,0.00037296000000000003,557,14494,True,converged
15,7,19.22070565639468,0.44158312491884855,0.17951803332733685,0.011965460966459738,0.19663876699996763,1018,0.00037296000000000003,0.00037296000000000003,557,461,True,converged
16,7,19.71689804324376,0.6661769598858296,0.17994489304532893,0.010673582117074545,0.12084285000014461,662,0.00037296000000000003,0.00037296000000000003,557,105,True,converged
17,7,19.36802797792374,0.5454614932975667,0.15947384770442863,0.011566373229047158,0.14746040200020616,739,0.00037296000000000003,0.00037296000000000003,557,182,True,converged
18,7,19.35779795058419,0.46365308911684194,0.18036146038539685,0.011593650523197902,0.12140708199990513,615,0.00037296000000000003,0.00037296000000000003,557,58,True,converged
19,7,18.9602615685913,0.42228412486406863,0.19355870334022576,0.012704975828752699,0.15183710600013,759,0.00037296000000000003,0.00037296000000000003,557,202,True,converged
20,7,20.21840203586128,0.488394766362661,0.15461308751847944,0.009509546281414075,0.14516466400004902,751,0.00037296000000000003,0.00037296000000000003,557,194,True,converged
1,8,18.210622026292505,0.5465871669573475,0.19549761555066394,0.015098638856332648,0.7594066159999784,4135,0.00037296000000000003,0.00037296000000000003,557,3578,True,converged
2,8,18.523120735153913,0.5063683792319755,0.19431939322860353,0.014050375352912751,0.1960226630001216,1023,0.00037296000000000003,0.00037296000000000003,557,466,True,converged
3,8,18.573307143790213,0.5079384817790904,0.20520222327822482,0.01388894587965775,2.192860542000062,11702,0.00037296000000000003,0.00037296000000000003,557,11145,True,converged
4,8,17.89192582695222,0.5115040169186421,0.18595096814622572,0.016248280853892662,0.1443476560000363,766,0.00037296000000000003,0.00037296000000000003,557,209,True,converged
5,8,16.20835295862743,0.4705472017052621,0.22637165414216767,0.023942235822698266,0.17030674600005113,917,0.00037296000000000003,0.00037296000000000003,557,360,True,converged
6,8,19.27824363466182,0.540734895122139,0.18237110830296605,0.011807980751748305,0.22275391299990588,1171,0.00037296000000000003,0.00037296000000000003,557,614,True,converged
7,8,19.051730510438396,0.5539405704998223,0.2035191960974518,0.012440188153481751,0.19994473899987497,1086,0.00037296000000000003,0.00037296000000000003,557,529,True,converged
8,8,17.349449419005925,0.4718481018099453,0.21003056923252622,0.018410053818978412,0.1411245230001441,747,0.00037296000000000003,0.00037296000000000003,557,190,True,converged
9,8,18.836444499306513,0.5667174626444922,0.19520069073788582,0.013072406675634073,0.19082540900012646,1047,0.00037296000000000003,0.00037296000000000003,557,490,True,converged
10,8,18.279244833363492,0.5090846690688725,0.19029324646898071,0.014861940445079323,0.1332445790001202,728,0.00037296000000000003,0.00037296000000000003,557,171,True,converged
11,8,18.666793197232437,0.7079134576751115,0.18579717349175476,0.013593167869611783,0.22491153900000427,1202,0.00037296000000000003,0.00037296000000000003,557,645,True,converged
12,8,18.626171568234092,0.5201787732608183,0.1818438618385966,0.013720907709935825,0.20951190899995709,1129,0.00037296000000000003,0.00037296000000000003,557,572,True,converged
13,8,17.593524506025197,0.5393687309100286,0.20754092992933665,0.01740393887802159,0.15138536699987526,820,0.00037296000000000003,0.00037296000000000003,557,263,True,converged
14,8,17.75040440386824,0.5285548035196765,0.1813654299145586,0.01678647699481911,0.17921831700004986,946,0.00037296000000000003,0.00037296000000000003,557,389,True,converged
15,8,18.2599002838464,0.5101900318234532,0.20891990040491093,0.014928286852679027,0.2246941619998779,1234,0.00037296000000000003,0.00037296000000000003,557,677,True,converged
16,8,18.126750464797787,0.5080154589615758,0.188162464558692,0.01539305969243914,0.21874350899997808,1167,0.00037296000000000003,0.00037296000000000003,557,610,True,converged
17,8,18.355272432046068,0.6123309351115844,0.22458773731790535,0.014604031357762372,0.18601377100003447,1009,0.00037296000000000003,0.00037296000000000003,557,452,True,converged
18,8,17.04448138215276,0.45420265280937566,0.2142709119768634,0.01974930703993847,0.15796877399998266,816,0.00037296000000000003,0.00037296000000000003,557,259,True,converged
19,8,18.08982171542828,0.5114937161694041,0.2016941479222562,0.015524507391431576,0.20830679799996688,1118,0.00037296000000000003,0.00037296000000000003,557,561,True,converged
20,8,18.23692636760123,0.5386468217237744,0.2041652788781798,0.015007465831434303,3.0721348259999104,16911,0.00037296000000000003,0.00037296000000000003,557,16354,True,converged
1,9,20.174373315790447,0.7186750706052626,0.1609723592382369,0.00960644428773479,3.060645015000091,16648,0.00037296000000000003,0.00037296000000000003,557,16091,True,converged
2,9,19.583338061451585,0.4312876345968102,0.1932099187980088,0.011006929729387192,0.12264358299989908,645,0.00037296000000000003,0.00037296000000000003,557,88,True,converged
3,9,19.535147949166053,0.49940751126560406,0.18240417166918887,0.011129744769503687,0.17976423300001443,936,0.00037296000000000003,0.00037296000000000003,557,379,True,converged
4,9,18.224005836415976,0.4211997487590828,0.16941369361847275,0.015052180457916566,0.18566163099990263,972,0.00037296000000000003,0.00037296000000000003,557,415,True,converged
5,9,18.97370627630565,0.4698260201496107,0.18994925090294143,0.012665705111353667,0.6357801059998565,3530,0.00037296000000000003,0.00037296000000000003,557,2973,True,converged
6,9,18.368102970234773,0.6499555513703498,0.2267339037672834,0.014560949745258144,0.18379670000012993,975,0.00037296000000000003,0.00037296000000000003,557,418,True,converged
7,9,19.50277298504556,0.5187641328811003,0.18659575874770534,0.01121302270368046,0.24180168100019728,1262,0.00037296000000000003,0.00037296000000000003,557,705,True,converged
8,9,19.34148191373434,0.6998157904427207,0.18532836666108402,0.01163728870310189,0.16794245599999158,879,0.00037296000000000003,0.00037296000000000003,557,322,True,converged
9,9,18.233521152847423,0.5618718470998058,0.18861478895325337,0.015019237494694679,0.20082180600002175,1084,0.00037296000000000003,0.00037296000000000003,557,527,True,converged
10,9,19.746256898817535,0.547156286724806,0.18383565686877573,0.010601670692699858,0.9062255490000553,5014,0.00037296000000000003,0.00037296000000000003,557,4457,True,converged
11,9,19.63979513673403,0.48987240345314104,0.1960935506501757,0.010864768731632366,2.281952191999835,12702,0.00037296000000000003,0.00037296000000000003,557,12145,True,converged
12,9,17.932875660391044,0.4783834414851905,0.1999478188188462,0.016095795067863006,0.19190583499994318,1030,0.00037296000000000003,0.00037296000000000003,557,473,True,converged
13,9,18.480993992495108,0.522897459923298,0.1940941444201804,0.014187327717372073,4.148385139000084,12725,0.00037296000000000003,0.00037296000000000003,557,12168,True,converged
14,9,19.452373579011844,0.614188255934557,0.17808643186932613,0.011343906600172798,0.271424259000014,788,0.00037296000000000003,0.00037296000000000003,557,231,True,converged
15,9,18.404201565766392,0.4741409108070372,0.18688895794647123,0.014440420616443203,0.24244223300001977,739,0.00037296000000000003,0.00037296000000000003,557,182,True,converged
16,9,18.32654205837528,0.5711062986045362,0.1947789418924864,0.01470096332584289,0.804104518000031,2355,0.00037296000000000003,0.00037296000000000003,557,1798,True,converged
17,9,18.474968682243016,0.5599835333701771,0.17568136494644163,0.014207024577644452,0.4306681400000798,1280,0.00037296000000000003,0.00037296000000000003,557,723,True,converged
18,9,19.22868564703122,0.44733790806221096,0.1911647052840669,0.011943495088499328,0.4240518130000055,1237,0.00037296000000000003,0.00037296000000000003,557,680,True,converged
19,9,18.773071439721058,0.4691915849210206,0.18918995129220925,0.013264560228911875,0.4794302279999556,978,0.00037296000000000003,0.00037296000000000003,557,421,True,converged
20,9,18.11468882356141,0.5122495422524321,0.22027323738736415,0.015435870189511505,0.2530106619999515,737,0.00037296000000000003,0.00037296000000000003,557,180,True,converged
