ImpulseProb,Method,Trials,MeanF1,ExactRecoveryRate,MeanMSE,MeanTime_s
0.0,sap_admm,50,0.999047619047619,0.98,0.0058951176939019065,0.6151979432400071
0.0,sap_admm_halpern,50,0.999047619047619,0.98,0.005719000661731236,1.6336865053599967
0.05,sap_admm,50,0.9744957651044608,0.74,0.011436996464615361,0.3973412720799888
0.05,sap_admm_halpern,50,0.9744957651044608,0.74,0.011535900731628124,1.0038834902599911
0.1,sap_admm,50,0.9613590348420071,0.68,0.018934577074852084,0.3905174416999989
0.1,sap_admm_halpern,50,0.9624116664209545,0.7,0.01865604082786611,1.0625895171399862
0.15,sap_admm,50,0.9205953832888817,0.38,0.03079129018160363,0.37876279924000755
0.15,sap_admm_halpern,50,0.9216480148678289,0.4,0.030868970606921585,1.0565408366800058
0.2,sap_admm,50,0.9046381358534678,0.38,0.03737392414022892,0.4270086029399818
0.2,sap_admm_halpern,50,0.9028952410670945,0.34,0.03685617978605515,1.0754321524199941
