Trial,ImpulseProb,Method,F1,MSE,Time_s,Iterations,NuFinal,NuFloor,NuFloorIteration,NuIterationsAfterFloor,NuPostFloorSatisfied,StopReason
1,0.0,sap_admm,1.0,0.00372740816126107,0.9716553389999945,4708,0.00033393652091378087,0.00033393652091378087,1641,3067,True,converged
1,0.0,sap_admm_halpern,1.0,0.0034604913215191503,4.589075202000004,19817,0.00033393652091378087,0.00033393652091378087,1641,18176,True,converged
2,0.0,sap_admm,1.0,0.012118686330159625,0.9847228869998617,2580,0.00033393652091378087,0.00033393652091378087,1641,939,True,converged
2,0.0,sap_admm_halpern,1.0,0.011736156456624238,2.1885485849998076,8995,0.00033393652091378087,0.00033393652091378087,1641,7354,True,converged
3,0.0,sap_admm,1.0,0.003880593614489778,1.0558310250000886,2799,0.00033393652091378087,0.00033393652091378087,1641,1158,True,converged
3,0.0,sap_admm_halpern,1.0,0.0037886045052866447,2.400335880000057,9869,0.00033393652091378087,0.00033393652091378087,1641,8228,True,converged
4,0.0,sap_admm,1.0,0.006522483738929821,1.5593340959999296,4148,0.00033393652091378087,0.00033393652091378087,1641,2507,True,converged
4,0.0,sap_admm_halpern,1.0,0.006569960865141003,2.205239461000019,9258,0.00033393652091378087,0.00033393652091378087,1641,7617,True,converged
5,0.0,sap_admm,1.0,0.006456543104501373,1.0262895399998797,2766,0.00033393652091378087,0.00033393652091378087,1641,1125,True,converged
5,0.0,sap_admm_halpern,1.0,0.005391849500980328,2.253673463999803,9450,0.00033393652091378087,0.00033393652091378087,1641,7809,True,converged
6,0.0,sap_admm,1.0,0.0023201463325359163,0.8742096599999059,2310,0.00033393652091378087,0.00033393652091378087,1641,669,True,converged
6,0.0,sap_admm_halpern,1.0,0.002232177048350725,2.446146595999835,10594,0.00033393652091378087,0.00033393652091378087,1641,8953,True,converged
7,0.0,sap_admm,1.0,0.004668147952685982,0.6898056180000367,1854,0.00033393652091378087,0.00033393652091378087,1641,213,True,converged
7,0.0,sap_admm_halpern,1.0,0.004262787767148493,2.124872916999948,8875,0.00033393652091378087,0.00033393652091378087,1641,7234,True,converged
8,0.0,sap_admm,1.0,0.003840977445036172,1.053532726999947,2165,0.00033393652091378087,0.00033393652091378087,1641,524,True,converged
8,0.0,sap_admm_halpern,1.0,0.0033295386967850693,2.1861984409999877,9389,0.00033393652091378087,0.00033393652091378087,1641,7748,True,converged
9,0.0,sap_admm,1.0,0.009245011600726024,0.8515135259999624,2314,0.00033393652091378087,0.00033393652091378087,1641,673,True,converged
9,0.0,sap_admm_halpern,1.0,0.009098665145632774,2.4491079199999604,10507,0.00033393652091378087,0.00033393652091378087,1641,8866,True,converged
10,0.0,sap_admm,1.0,0.007208841496509367,0.7050783629999842,1830,0.00033393652091378087,0.00033393652091378087,1641,189,True,converged
10,0.0,sap_admm_halpern,1.0,0.007434839564401459,2.804612301999896,11964,0.00033393652091378087,0.00033393652091378087,1641,10323,True,converged
11,0.0,sap_admm,1.0,0.0038452939922932463,0.8739667480001572,2350,0.00033393652091378087,0.00033393652091378087,1641,709,True,converged
11,0.0,sap_admm_halpern,1.0,0.003549390963974155,2.3393948949999412,9850,0.00033393652091378087,0.00033393652091378087,1641,8209,True,converged
12,0.0,sap_admm,1.0,0.005796189453820491,1.1168221249999988,2658,0.00033393652091378087,0.00033393652091378087,1641,1017,True,converged
12,0.0,sap_admm_halpern,1.0,0.00586060008172363,2.4415868979999686,10177,0.00033393652091378087,0.00033393652091378087,1641,8536,True,converged
13,0.0,sap_admm,1.0,0.005630034203304246,0.9880085280001367,2630,0.00033393652091378087,0.00033393652091378087,1641,989,True,converged
13,0.0,sap_admm_halpern,1.0,0.005147887032121332,3.950961797000218,16886,0.00033393652091378087,0.00033393652091378087,1641,15245,True,converged
14,0.0,sap_admm,1.0,0.004915724542488009,0.8195863129999452,2130,0.00033393652091378087,0.00033393652091378087,1641,489,True,converged
14,0.0,sap_admm_halpern,1.0,0.004568865012831937,3.259457379999958,13897,0.00033393652091378087,0.00033393652091378087,1641,12256,True,converged
15,0.0,sap_admm,1.0,0.004309488197154095,0.6385184170001139,1738,0.00033393652091378087,0.00033393652091378087,1641,97,True,converged
15,0.0,sap_admm_halpern,1.0,0.004205106529772994,2.1732753870001034,9285,0.00033393652091378087,0.00033393652091378087,1641,7644,True,converged
16,0.0,sap_admm,1.0,0.0030979554446248364,1.0877779889999601,2952,0.00033393652091378087,0.00033393652091378087,1641,1311,True,converged
16,0.0,sap_admm_halpern,1.0,0.002843724365120928,2.466725815000018,10453,0.00033393652091378087,0.00033393652091378087,1641,8812,True,converged
17,0.0,sap_admm,1.0,0.00291725190221463,1.5985624029999599,4340,0.00033393652091378087,0.00033393652091378087,1641,2699,True,converged
17,0.0,sap_admm_halpern,1.0,0.0030852249019367372,1.849142608999955,12345,0.00033393652091378087,0.00033393652091378087,1641,10704,True,converged
18,0.0,sap_admm,1.0,0.00542180576353784,0.304020932000185,1983,0.00033393652091378087,0.00033393652091378087,1641,342,True,converged
18,0.0,sap_admm_halpern,1.0,0.005077738230892335,0.7859907880001629,8300,0.00033393652091378087,0.00033393652091378087,1641,6659,True,converged
19,0.0,sap_admm,0.9523809523809523,0.06926589468639627,0.3271222930000022,2095,0.00033393652091378087,0.00033393652091378087,1641,454,True,converged
19,0.0,sap_admm_halpern,0.9523809523809523,0.0693859606240384,0.9305081340000925,9779,0.00033393652091378087,0.00033393652091378087,1641,8138,True,converged
20,0.0,sap_admm,1.0,0.0044438867709429815,0.34987034000005224,2292,0.00033393652091378087,0.00033393652091378087,1641,651,True,converged
20,0.0,sap_admm_halpern,1.0,0.004086218147605727,0.8950902169999608,9553,0.00033393652091378087,0.00033393652091378087,1641,7912,True,converged
21,0.0,sap_admm,1.0,0.0027950338544967634,0.6422905399999763,4321,0.00033393652091378087,0.00033393652091378087,1641,2680,True,converged
21,0.0,sap_admm_halpern,1.0,0.002672233558800811,0.9461402560000352,10016,0.00033393652091378087,0.00033393652091378087,1641,8375,True,converged
22,0.0,sap_admm,1.0,0.003922532535361418,0.3510581470000034,2350,0.00033393652091378087,0.00033393652091378087,1641,709,True,converged
22,0.0,sap_admm_halpern,1.0,0.003629000750117217,1.1520420879999165,12209,0.00033393652091378087,0.00033393652091378087,1641,10568,True,converged
23,0.0,sap_admm,1.0,0.0017340192179149296,0.4866023029999269,3267,0.00033393652091378087,0.00033393652091378087,1641,1626,True,converged
23,0.0,sap_admm_halpern,1.0,0.0014674690752308004,0.8835532690000036,9376,0.00033393652091378087,0.00033393652091378087,1641,7735,True,converged
24,0.0,sap_admm,1.0,0.0036820717178122813,0.26007574200002637,1782,0.00033393652091378087,0.00033393652091378087,1641,141,True,converged
24,0.0,sap_admm_halpern,1.0,0.003999656193135159,0.7457104529999015,7992,0.00033393652091378087,0.00033393652091378087,1641,6351,True,converged
25,0.0,sap_admm,1.0,0.002031357230728357,0.8496157839999796,4595,0.00033393652091378087,0.00033393652091378087,1641,2954,True,converged
25,0.0,sap_admm_halpern,1.0,0.0020056059018587953,1.7001766329999555,18255,0.00033393652091378087,0.00033393652091378087,1641,16614,True,converged
26,0.0,sap_admm,1.0,0.004059877581809171,0.36710582099999556,2335,0.00033393652091378087,0.00033393652091378087,1641,694,True,converged
26,0.0,sap_admm_halpern,1.0,0.0036720216884187,1.1322730289998617,11888,0.00033393652091378087,0.00033393652091378087,1641,10247,True,converged
27,0.0,sap_admm,1.0,0.006120898970363736,0.2633865999998761,1829,0.00033393652091378087,0.00033393652091378087,1641,188,True,converged
27,0.0,sap_admm_halpern,1.0,0.005880652176076033,0.8911738479998803,9530,0.00033393652091378087,0.00033393652091378087,1641,7889,True,converged
28,0.0,sap_admm,1.0,0.0029768569503519264,0.4154757900000732,2814,0.00033393652091378087,0.00033393652091378087,1641,1173,True,converged
28,0.0,sap_admm_halpern,1.0,0.003094703766393185,1.110300832999883,11862,0.00033393652091378087,0.00033393652091378087,1641,10221,True,converged
29,0.0,sap_admm,1.0,0.0031658429324495914,0.2874680109998735,1962,0.00033393652091378087,0.00033393652091378087,1641,321,True,converged
29,0.0,sap_admm_halpern,1.0,0.002681274321711738,1.9843723370001953,11878,0.00033393652091378087,0.00033393652091378087,1641,10237,True,converged
30,0.0,sap_admm,1.0,0.00984600573446109,0.550657382000054,1977,0.00033393652091378087,0.00033393652091378087,1641,336,True,converged
30,0.0,sap_admm_halpern,1.0,0.009543096426432111,2.1083149470000535,12314,0.00033393652091378087,0.00033393652091378087,1641,10673,True,converged
31,0.0,sap_admm,1.0,0.0026336669224206223,0.5314445929998328,1987,0.00033393652091378087,0.00033393652091378087,1641,346,True,converged
31,0.0,sap_admm_halpern,1.0,0.0030904331245481045,1.6927439670000695,10153,0.00033393652091378087,0.00033393652091378087,1641,8512,True,converged
32,0.0,sap_admm,1.0,0.0016803852071744067,1.021207226000115,3226,0.00033393652091378087,0.00033393652091378087,1641,1585,True,converged
32,0.0,sap_admm_halpern,1.0,0.0015170323440547246,1.3216380350002055,13567,0.00033393652091378087,0.00033393652091378087,1641,11926,True,converged
33,0.0,sap_admm,1.0,0.005729606407031451,0.4506564989999333,3006,0.00033393652091378087,0.00033393652091378087,1641,1365,True,converged
33,0.0,sap_admm_halpern,1.0,0.0054801299678719296,0.8864213770000333,9932,0.00033393652091378087,0.00033393652091378087,1641,8291,True,converged
34,0.0,sap_admm,1.0,0.004078265101125406,0.525490118000107,3602,0.00033393652091378087,0.00033393652091378087,1641,1961,True,converged
34,0.0,sap_admm_halpern,1.0,0.004063325182347374,1.2816345439998713,14194,0.00033393652091378087,0.00033393652091378087,1641,12553,True,converged
35,0.0,sap_admm,1.0,0.004051711357879543,0.2746600809998654,1947,0.00033393652091378087,0.00033393652091378087,1641,306,True,converged
35,0.0,sap_admm_halpern,1.0,0.003867040590067723,1.1230054800000744,11972,0.00033393652091378087,0.00033393652091378087,1641,10331,True,converged
36,0.0,sap_admm,1.0,0.0027567509876466655,0.3518625450001309,2426,0.00033393652091378087,0.00033393652091378087,1641,785,True,converged
36,0.0,sap_admm_halpern,1.0,0.0024966194943244154,1.0663736920000702,11672,0.00033393652091378087,0.00033393652091378087,1641,10031,True,converged
37,0.0,sap_admm,1.0,0.003340301806177201,0.2956083179999496,2121,0.00033393652091378087,0.00033393652091378087,1641,480,True,converged
37,0.0,sap_admm_halpern,1.0,0.00335359973277817,1.1277673810000124,12533,0.00033393652091378087,0.00033393652091378087,1641,10892,True,converged
38,0.0,sap_admm,1.0,0.0027776507894204253,0.36241343500000767,2546,0.00033393652091378087,0.00033393652091378087,1641,905,True,converged
38,0.0,sap_admm_halpern,1.0,0.0028391243593920692,0.698406390999935,7893,0.00033393652091378087,0.00033393652091378087,1641,6252,True,converged
39,0.0,sap_admm,1.0,0.0055036416708218695,0.32359757299991543,2284,0.00033393652091378087,0.00033393652091378087,1641,643,True,converged
39,0.0,sap_admm_halpern,1.0,0.005132669590110243,1.206783451000092,13534,0.00033393652091378087,0.00033393652091378087,1641,11893,True,converged
40,0.0,sap_admm,1.0,0.0031631972154723183,0.23865442600003917,1724,0.00033393652091378087,0.00033393652091378087,1641,83,True,converged
40,0.0,sap_admm_halpern,1.0,0.0026191134060802456,0.8464619250000851,8910,0.00033393652091378087,0.00033393652091378087,1641,7269,True,converged
41,0.0,sap_admm,1.0,0.004271320980178864,0.34300378400007503,2456,0.00033393652091378087,0.00033393652091378087,1641,815,True,converged
41,0.0,sap_admm_halpern,1.0,0.003732740814884643,0.9026450020000993,10086,0.00033393652091378087,0.00033393652091378087,1641,8445,True,converged
42,0.0,sap_admm,1.0,0.008751670535393503,0.4598702220000632,3136,0.00033393652091378087,0.00033393652091378087,1641,1495,True,converged
42,0.0,sap_admm_halpern,1.0,0.008251672667384389,1.2401204529999177,14025,0.00033393652091378087,0.00033393652091378087,1641,12384,True,converged
43,0.0,sap_admm,1.0,0.004371235380583445,0.5382257710000431,3840,0.00033393652091378087,0.00033393652091378087,1641,2199,True,converged
43,0.0,sap_admm_halpern,1.0,0.00414676252539339,1.0536301209999692,11930,0.00033393652091378087,0.00033393652091378087,1641,10289,True,converged
44,0.0,sap_admm,1.0,0.0014686708754710672,0.4924830140000722,3547,0.00033393652091378087,0.00033393652091378087,1641,1906,True,converged
44,0.0,sap_admm_halpern,1.0,0.0015103145192431435,1.1039197400000376,12319,0.00033393652091378087,0.00033393652091378087,1641,10678,True,converged
45,0.0,sap_admm,1.0,0.005759464053953548,0.247982722000188,1778,0.00033393652091378087,0.00033393652091378087,1641,137,True,converged
45,0.0,sap_admm_halpern,1.0,0.006080025055039513,1.1856117009999707,11101,0.00033393652091378087,0.00033393652091378087,1641,9460,True,converged
46,0.0,sap_admm,1.0,0.009504742860129419,0.34886439899992183,2459,0.00033393652091378087,0.00033393652091378087,1641,818,True,converged
46,0.0,sap_admm_halpern,1.0,0.009056712523032398,0.9353900739999972,9924,0.00033393652091378087,0.00033393652091378087,1641,8283,True,converged
47,0.0,sap_admm,1.0,0.00438954026086557,0.5945457620000525,4267,0.00033393652091378087,0.00033393652091378087,1641,2626,True,converged
47,0.0,sap_admm_halpern,1.0,0.004473173829971155,1.5481722040001387,16990,0.00033393652091378087,0.00033393652091378087,1641,15349,True,converged
48,0.0,sap_admm,1.0,0.0033178692239298996,0.305747958999973,2213,0.00033393652091378087,0.00033393652091378087,1641,572,True,converged
48,0.0,sap_admm_halpern,1.0,0.002876001250385286,1.1527631579999706,12916,0.00033393652091378087,0.00033393652091378087,1641,11275,True,converged
49,0.0,sap_admm,1.0,0.003152042372450791,0.3385384850000719,2390,0.00033393652091378087,0.00033393652091378087,1641,749,True,converged
49,0.0,sap_admm_halpern,1.0,0.003583513508787141,1.096130611000035,12161,0.00033393652091378087,0.00033393652091378087,1641,10520,True,converged
50,0.0,sap_admm,1.0,0.004087289227608234,0.36507524100011324,2585,0.00033393652091378087,0.00033393652091378087,1641,944,True,converged
50,0.0,sap_admm_halpern,1.0,0.004018527980803084,0.8207035799998721,9106,0.00033393652091378087,0.00033393652091378087,1641,7465,True,converged
1,0.05,sap_admm,1.0,0.006063471404382023,0.3188054499998998,2251,0.00033393652091378087,0.00033393652091378087,1641,610,True,converged
1,0.05,sap_admm_halpern,1.0,0.004917477493539512,1.1588764680000168,12751,0.00033393652091378087,0.00033393652091378087,1641,11110,True,converged
2,0.05,sap_admm,1.0,0.005212512790404984,0.29445690100010324,2055,0.00033393652091378087,0.00033393652091378087,1641,414,True,converged
2,0.05,sap_admm_halpern,1.0,0.005471391623942839,0.8983725979999235,10005,0.00033393652091378087,0.00033393652091378087,1641,8364,True,converged
3,0.05,sap_admm,1.0,0.003740379673931597,0.24816974400005165,1715,0.00033393652091378087,0.00033393652091378087,1641,74,True,converged
3,0.05,sap_admm_halpern,1.0,0.003603032276380236,0.8974855279998337,9974,0.00033393652091378087,0.00033393652091378087,1641,8333,True,converged
4,0.05,sap_admm,1.0,0.00695694099169274,0.2570175640000798,1819,0.00033393652091378087,0.00033393652091378087,1641,178,True,converged
4,0.05,sap_admm_halpern,1.0,0.0064062933366741065,1.0411337319999348,10804,0.00033393652091378087,0.00033393652091378087,1641,9163,True,converged
5,0.05,sap_admm,0.9565217391304348,0.016694645345942394,0.3883738329998323,2716,0.00033393652091378087,0.00033393652091378087,1641,1075,True,converged
5,0.05,sap_admm_halpern,0.9565217391304348,0.016442103264347842,0.6437429349998638,7241,0.00033393652091378087,0.00033393652091378087,1641,5600,True,converged
6,0.05,sap_admm,0.9,0.0315657101909767,0.3832632459998422,2787,0.00033393652091378087,0.00033393652091378087,1641,1146,True,converged
6,0.05,sap_admm_halpern,0.9,0.03108491868218963,1.1556215059999886,12850,0.00033393652091378087,0.00033393652091378087,1641,11209,True,converged
7,0.05,sap_admm,1.0,0.0037322320920140377,0.44081773299990346,3172,0.00033393652091378087,0.00033393652091378087,1641,1531,True,converged
7,0.05,sap_admm_halpern,1.0,0.0036288902663585616,0.8588408870000421,9595,0.00033393652091378087,0.00033393652091378087,1641,7954,True,converged
8,0.05,sap_admm,1.0,0.0036402834726245057,0.7126904069998545,5103,0.00033393652091378087,0.00033393652091378087,1641,3462,True,converged
8,0.05,sap_admm_halpern,1.0,0.0038833269625026005,1.2298182609999913,13823,0.00033393652091378087,0.00033393652091378087,1641,12182,True,converged
9,0.05,sap_admm,0.9090909090909091,0.014169720370299014,0.32940396999993027,2332,0.00033393652091378087,0.00033393652091378087,1641,691,True,converged
9,0.05,sap_admm_halpern,0.9090909090909091,0.014058072632794107,0.8408286429998952,9312,0.00033393652091378087,0.00033393652091378087,1641,7671,True,converged
10,0.05,sap_admm,1.0,0.004960580078069265,0.39397481900005005,2753,0.00033393652091378087,0.00033393652091378087,1641,1112,True,converged
10,0.05,sap_admm_halpern,1.0,0.0051615809590594385,0.7688809340002081,8611,0.00033393652091378087,0.00033393652091378087,1641,6970,True,converged
11,0.05,sap_admm,0.9090909090909091,0.018011472288365447,0.3794118969999545,2670,0.00033393652091378087,0.00033393652091378087,1641,1029,True,converged
11,0.05,sap_admm_halpern,0.9090909090909091,0.01767521052816606,0.8551914570000463,9543,0.00033393652091378087,0.00033393652091378087,1641,7902,True,converged
12,0.05,sap_admm,1.0,0.006806248638064343,0.3116441960000884,2247,0.00033393652091378087,0.00033393652091378087,1641,606,True,converged
12,0.05,sap_admm_halpern,1.0,0.006609291461946534,0.9902671899999405,11087,0.00033393652091378087,0.00033393652091378087,1641,9446,True,converged
13,0.05,sap_admm,1.0,0.005634572127776206,0.2677067680001528,1884,0.00033393652091378087,0.00033393652091378087,1641,243,True,converged
13,0.05,sap_admm_halpern,1.0,0.005435142865273416,0.85230394600012,9464,0.00033393652091378087,0.00033393652091378087,1641,7823,True,converged
14,0.05,sap_admm,0.9523809523809523,0.013507854186802077,0.5649051920001966,4028,0.00033393652091378087,0.00033393652091378087,1641,2387,True,converged
14,0.05,sap_admm_halpern,0.9523809523809523,0.01456010027447803,1.072475078000025,11982,0.00033393652091378087,0.00033393652091378087,1641,10341,True,converged
15,0.05,sap_admm,1.0,0.005031113714618094,0.5075872869999785,3620,0.00033393652091378087,0.00033393652091378087,1641,1979,True,converged
15,0.05,sap_admm_halpern,1.0,0.005106502692885845,1.3202034579999236,15000,0.00033393652091378087,0.00033393652091378087,1641,13359,True,converged
16,0.05,sap_admm,1.0,0.0035305228884585736,0.44779954099999486,3207,0.00033393652091378087,0.00033393652091378087,1641,1566,True,converged
16,0.05,sap_admm_halpern,1.0,0.0033242087423207226,0.8436303789999329,9406,0.00033393652091378087,0.00033393652091378087,1641,7765,True,converged
17,0.05,sap_admm,1.0,0.0030064664991884343,0.46790315600014765,3347,0.00033393652091378087,0.00033393652091378087,1641,1706,True,converged
17,0.05,sap_admm_halpern,1.0,0.0033480056239709715,0.8638943209998615,9610,0.00033393652091378087,0.00033393652091378087,1641,7969,True,converged
18,0.05,sap_admm,1.0,0.0055464004336909,0.43054708499994376,2967,0.00033393652091378087,0.00033393652091378087,1641,1326,True,converged
18,0.05,sap_admm_halpern,1.0,0.0059707195745550695,1.0921397409999827,12205,0.00033393652091378087,0.00033393652091378087,1641,10564,True,converged
19,0.05,sap_admm,1.0,0.004708399283788334,0.43535625799995614,2850,0.00033393652091378087,0.00033393652091378087,1641,1209,True,converged
19,0.05,sap_admm_halpern,1.0,0.004007312930815183,1.5747956889999841,17184,0.00033393652091378087,0.00033393652091378087,1641,15543,True,converged
20,0.05,sap_admm,0.9,0.014282987411714613,0.2940581339998971,2091,0.00033393652091378087,0.00033393652091378087,1641,450,True,converged
20,0.05,sap_admm_halpern,0.9,0.02234532899304297,1.0415983269999742,11638,0.00033393652091378087,0.00033393652091378087,1641,9997,True,converged
21,0.05,sap_admm,1.0,0.0048858593357283325,0.37670015499998044,2615,0.00033393652091378087,0.00033393652091378087,1641,974,True,converged
21,0.05,sap_admm_halpern,1.0,0.004942298379999684,0.7715709909998623,8597,0.00033393652091378087,0.00033393652091378087,1641,6956,True,converged
22,0.05,sap_admm,1.0,0.002097177463912728,0.4911766650000118,3445,0.00033393652091378087,0.00033393652091378087,1641,1804,True,converged
22,0.05,sap_admm_halpern,1.0,0.0021265557401042284,0.901835298999913,10021,0.00033393652091378087,0.00033393652091378087,1641,8380,True,converged
23,0.05,sap_admm,1.0,0.005821721924428699,0.3458098159999281,2331,0.00033393652091378087,0.00033393652091378087,1641,690,True,converged
23,0.05,sap_admm_halpern,1.0,0.005441035010773003,0.7552993710000919,8391,0.00033393652091378087,0.00033393652091378087,1641,6750,True,converged
24,0.05,sap_admm,1.0,0.005699466690706721,0.483096852999779,3452,0.00033393652091378087,0.00033393652091378087,1641,1811,True,converged
24,0.05,sap_admm_halpern,1.0,0.005372421206585127,1.185203564999938,13192,0.00033393652091378087,0.00033393652091378087,1641,11551,True,converged
25,0.05,sap_admm,1.0,0.006269426713019101,0.5675679660000696,4072,0.00033393652091378087,0.00033393652091378087,1641,2431,True,converged
25,0.05,sap_admm_halpern,1.0,0.006401301792073954,1.0497126370000842,11727,0.00033393652091378087,0.00033393652091378087,1641,10086,True,converged
26,0.05,sap_admm,1.0,0.003032301253084507,0.4114251129999502,2888,0.00033393652091378087,0.00033393652091378087,1641,1247,True,converged
26,0.05,sap_admm_halpern,1.0,0.002988045491534992,1.084024989999989,11993,0.00033393652091378087,0.00033393652091378087,1641,10352,True,converged
27,0.05,sap_admm,0.8695652173913043,0.04610706118042052,0.46960470699991674,3342,0.00033393652091378087,0.00033393652091378087,1641,1701,True,converged
27,0.05,sap_admm_halpern,0.8695652173913043,0.04594011548765969,1.0187476160001552,11381,0.00033393652091378087,0.00033393652091378087,1641,9740,True,converged
28,0.05,sap_admm,1.0,0.001245161220781136,0.36166630499997154,2566,0.00033393652091378087,0.00033393652091378087,1641,925,True,converged
28,0.05,sap_admm_halpern,1.0,0.001081377613785231,1.39455719700004,15455,0.00033393652091378087,0.00033393652091378087,1641,13814,True,converged
29,0.05,sap_admm,1.0,0.004959798809248967,0.5861690829999588,4196,0.00033393652091378087,0.00033393652091378087,1641,2555,True,converged
29,0.05,sap_admm_halpern,1.0,0.005053934303031806,1.097251382999957,11932,0.00033393652091378087,0.00033393652091378087,1641,10291,True,converged
30,0.05,sap_admm,0.8888888888888888,0.0688536362892091,0.3183179529999052,2181,0.00033393652091378087,0.00033393652091378087,1641,540,True,converged
30,0.05,sap_admm_halpern,0.8888888888888888,0.06854965685716594,1.1820786890000363,13152,0.00033393652091378087,0.00033393652091378087,1641,11511,True,converged
31,0.05,sap_admm,1.0,0.004623549581409783,0.5666422629999488,3980,0.00033393652091378087,0.00033393652091378087,1641,2339,True,converged
31,0.05,sap_admm_halpern,1.0,0.004611544022552861,1.230621119000034,13859,0.00033393652091378087,0.00033393652091378087,1641,12218,True,converged
32,0.05,sap_admm,1.0,0.003197772554474931,0.4567190220000157,3243,0.00033393652091378087,0.00033393652091378087,1641,1602,True,converged
32,0.05,sap_admm_halpern,1.0,0.0031664660856579136,0.9615113350000684,10532,0.00033393652091378087,0.00033393652091378087,1641,8891,True,converged
33,0.05,sap_admm,0.9,0.03066480996019142,0.2904559380001501,2035,0.00033393652091378087,0.00033393652091378087,1641,394,True,converged
33,0.05,sap_admm_halpern,0.9,0.030471780979890527,0.8077255460000288,9098,0.00033393652091378087,0.00033393652091378087,1641,7457,True,converged
34,0.05,sap_admm,1.0,0.0057843775178938244,0.28980205900006695,2040,0.00033393652091378087,0.00033393652091378087,1641,399,True,converged
34,0.05,sap_admm_halpern,1.0,0.004838220317685746,0.8761751730000924,9711,0.00033393652091378087,0.00033393652091378087,1641,8070,True,converged
35,0.05,sap_admm,1.0,0.007839428059346147,0.32071758200004297,2277,0.00033393652091378087,0.00033393652091378087,1641,636,True,converged
35,0.05,sap_admm_halpern,1.0,0.007674931480091298,0.941669420999915,10500,0.00033393652091378087,0.00033393652091378087,1641,8859,True,converged
36,0.05,sap_admm,1.0,0.0022114355354818805,0.45236638300002596,3195,0.00033393652091378087,0.00033393652091378087,1641,1554,True,converged
36,0.05,sap_admm_halpern,1.0,0.002257663163404018,1.120873551999921,12487,0.00033393652091378087,0.00033393652091378087,1641,10846,True,converged
37,0.05,sap_admm,1.0,0.0035609097682180214,0.38468146800005343,2677,0.00033393652091378087,0.00033393652091378087,1641,1036,True,converged
37,0.05,sap_admm_halpern,1.0,0.0032823730875472697,1.2640047620000132,13811,0.00033393652091378087,0.00033393652091378087,1641,12170,True,converged
38,0.05,sap_admm,0.9090909090909091,0.045440950749889436,0.3360975900000085,2347,0.00033393652091378087,0.00033393652091378087,1641,706,True,converged
38,0.05,sap_admm_halpern,0.9090909090909091,0.04542524964805883,1.0851808980000897,12106,0.00033393652091378087,0.00033393652091378087,1641,10465,True,converged
39,0.05,sap_admm,0.9523809523809523,0.026389406541253966,0.37199829800010775,2597,0.00033393652091378087,0.00033393652091378087,1641,956,True,converged
39,0.05,sap_admm_halpern,0.9523809523809523,0.02651327102337857,1.1751625040001272,13139,0.00033393652091378087,0.00033393652091378087,1641,11498,True,converged
40,0.05,sap_admm,0.9,0.03929586018708122,0.26483133199985787,1845,0.00033393652091378087,0.00033393652091378087,1641,204,True,converged
40,0.05,sap_admm_halpern,0.9,0.039104084663747186,0.8564314390000618,9496,0.00033393652091378087,0.00033393652091378087,1641,7855,True,converged
41,0.05,sap_admm,1.0,0.002974798601970218,0.3594675599999846,2505,0.00033393652091378087,0.00033393652091378087,1641,864,True,converged
41,0.05,sap_admm_halpern,1.0,0.002667334229271264,0.7895768079999925,8823,0.00033393652091378087,0.00033393652091378087,1641,7182,True,converged
42,0.05,sap_admm,1.0,0.004704077002334294,0.29268957999988743,2045,0.00033393652091378087,0.00033393652091378087,1641,404,True,converged
42,0.05,sap_admm_halpern,1.0,0.004809862254014917,1.1657182630001444,12824,0.00033393652091378087,0.00033393652091378087,1641,11183,True,converged
43,0.05,sap_admm,1.0,0.0022039300388733505,0.346300336000013,2405,0.00033393652091378087,0.00033393652091378087,1641,764,True,converged
43,0.05,sap_admm_halpern,1.0,0.002183211780622804,1.0307733939998798,11277,0.00033393652091378087,0.00033393652091378087,1641,9636,True,converged
44,0.05,sap_admm,1.0,0.006491491905934575,0.3986220249998951,2774,0.00033393652091378087,0.00033393652091378087,1641,1133,True,converged
44,0.05,sap_admm_halpern,1.0,0.006659517116331245,0.7397417139998197,8233,0.00033393652091378087,0.00033393652091378087,1641,6592,True,converged
45,0.05,sap_admm,1.0,0.001400416996570354,0.41152126399992994,2885,0.00033393652091378087,0.00033393652091378087,1641,1244,True,converged
45,0.05,sap_admm_halpern,1.0,0.0021605681331708475,1.2508567659999699,14056,0.00033393652091378087,0.00033393652091378087,1641,12415,True,converged
46,0.05,sap_admm,1.0,0.00309044485910646,0.3558011869999973,2522,0.00033393652091378087,0.00033393652091378087,1641,881,True,converged
46,0.05,sap_admm_halpern,1.0,0.003788109316404878,0.9641588439999396,10794,0.00033393652091378087,0.00033393652091378087,1641,9153,True,converged
47,0.05,sap_admm,1.0,0.004884049288371476,0.3784738550000384,2625,0.00033393652091378087,0.00033393652091378087,1641,984,True,converged
47,0.05,sap_admm_halpern,1.0,0.00477943291511828,0.696773961999952,7004,0.00033393652091378087,0.00033393652091378087,1641,5363,True,converged
48,0.05,sap_admm,1.0,0.007292086543381489,0.36326057099995523,2558,0.00033393652091378087,0.00033393652091378087,1641,917,True,converged
48,0.05,sap_admm_halpern,1.0,0.0073116250756549836,0.943910231000018,10502,0.00033393652091378087,0.00033393652091378087,1641,8861,True,converged
49,0.05,sap_admm,1.0,0.00384803960474236,0.5146192540000811,3630,0.00033393652091378087,0.00033393652091378087,1641,1989,True,converged
49,0.05,sap_admm_halpern,1.0,0.0039637228088695775,1.0666356560000168,11904,0.00033393652091378087,0.00033393652091378087,1641,10263,True,converged
50,0.05,sap_admm,0.7777777777777778,0.04017786317089874,0.42656824000005145,2938,0.00033393652091378087,0.00033393652091378087,1641,1297,True,converged
50,0.05,sap_admm_halpern,0.7777777777777778,0.04019041541197581,0.786290309999913,8684,0.00033393652091378087,0.00033393652091378087,1641,7043,True,converged
1,0.1,sap_admm,1.0,0.004591144126869774,0.4981654849998449,3412,0.00033393652091378087,0.00033393652091378087,1641,1771,True,converged
1,0.1,sap_admm_halpern,1.0,0.004564930099746425,0.9909730050001144,10733,0.00033393652091378087,0.00033393652091378087,1641,9092,True,converged
2,0.1,sap_admm,1.0,0.004971223688991552,0.2737514640000427,1926,0.00033393652091378087,0.00033393652091378087,1641,285,True,converged
2,0.1,sap_admm_halpern,1.0,0.004890044394655774,1.0444220580000092,11566,0.00033393652091378087,0.00033393652091378087,1641,9925,True,converged
3,0.1,sap_admm,1.0,0.003985896752721691,0.31326110800000606,2216,0.00033393652091378087,0.00033393652091378087,1641,575,True,converged
3,0.1,sap_admm_halpern,1.0,0.004019574188179559,0.541556306000075,5517,0.00033393652091378087,0.00033393652091378087,1641,3876,True,converged
4,0.1,sap_admm,1.0,0.011366216064771213,0.6045572120001452,4249,0.00033393652091378087,0.00033393652091378087,1641,2608,True,converged
4,0.1,sap_admm_halpern,1.0,0.0112531164906359,1.58639072699998,17567,0.00033393652091378087,0.00033393652091378087,1641,15926,True,converged
5,0.1,sap_admm,1.0,0.0051957341473368125,0.37835843900006694,2650,0.00033393652091378087,0.00033393652091378087,1641,1009,True,converged
5,0.1,sap_admm_halpern,1.0,0.004670877988338058,1.0544478049998816,11494,0.00033393652091378087,0.00033393652091378087,1641,9853,True,converged
6,0.1,sap_admm,1.0,0.004790362783863722,0.30719933999989735,2059,0.00033393652091378087,0.00033393652091378087,1641,418,True,converged
6,0.1,sap_admm_halpern,1.0,0.004978077416617814,0.7752449679999245,8595,0.00033393652091378087,0.00033393652091378087,1641,6954,True,converged
7,0.1,sap_admm,1.0,0.0029579930504309688,0.4887641610000628,3422,0.00033393652091378087,0.00033393652091378087,1641,1781,True,converged
7,0.1,sap_admm_halpern,1.0,0.002877079611106157,1.0708831990000363,11913,0.00033393652091378087,0.00033393652091378087,1641,10272,True,converged
8,0.1,sap_admm,1.0,0.0035498723195744202,0.42943412900012845,3010,0.00033393652091378087,0.00033393652091378087,1641,1369,True,converged
8,0.1,sap_admm_halpern,1.0,0.003489292471003597,0.9715987849999692,9537,0.00033393652091378087,0.00033393652091378087,1641,7896,True,converged
9,0.1,sap_admm,0.9166666666666666,0.07215221204935766,0.31071751700005734,2136,0.00033393652091378087,0.00033393652091378087,1641,495,True,converged
9,0.1,sap_admm_halpern,0.9166666666666666,0.070653209255851,0.6932513699998708,7532,0.00033393652091378087,0.00033393652091378087,1641,5891,True,converged
10,0.1,sap_admm,1.0,0.0037128317402574137,0.3338260180000816,2344,0.00033393652091378087,0.00033393652091378087,1641,703,True,converged
10,0.1,sap_admm_halpern,1.0,0.0032745129922184023,1.1263222140000835,12213,0.00033393652091378087,0.00033393652091378087,1641,10572,True,converged
11,0.1,sap_admm,1.0,0.00261200668301946,0.46007790299995577,3225,0.00033393652091378087,0.00033393652091378087,1641,1584,True,converged
11,0.1,sap_admm_halpern,1.0,0.0033289092041269247,1.1017933669998001,12216,0.00033393652091378087,0.00033393652091378087,1641,10575,True,converged
12,0.1,sap_admm,0.8888888888888888,0.020280003615872202,0.25244061900002635,1805,0.00033393652091378087,0.00033393652091378087,1641,164,True,converged
12,0.1,sap_admm_halpern,0.8888888888888888,0.01941682784378906,1.2626934840000104,13772,0.00033393652091378087,0.00033393652091378087,1641,12131,True,converged
13,0.1,sap_admm,1.0,0.004737741938839108,0.29443761600009566,2054,0.00033393652091378087,0.00033393652091378087,1641,413,True,converged
13,0.1,sap_admm_halpern,1.0,0.004585503376838432,0.8182446040000286,8889,0.00033393652091378087,0.00033393652091378087,1641,7248,True,converged
14,0.1,sap_admm,1.0,0.002965384123281733,0.28718164199995044,2035,0.00033393652091378087,0.00033393652091378087,1641,394,True,converged
14,0.1,sap_admm_halpern,1.0,0.003190886679933794,0.6801081780001823,7515,0.00033393652091378087,0.00033393652091378087,1641,5874,True,converged
15,0.1,sap_admm,0.8,0.04719283779559187,0.5450763700000607,3858,0.00033393652091378087,0.00033393652091378087,1641,2217,True,converged
15,0.1,sap_admm_halpern,0.8,0.047196752881854154,1.3681597180000153,15241,0.00033393652091378087,0.00033393652091378087,1641,13600,True,converged
16,0.1,sap_admm,1.0,0.004754605966375622,0.3453894289998516,2388,0.00033393652091378087,0.00033393652091378087,1641,747,True,converged
16,0.1,sap_admm_halpern,1.0,0.004528705382743768,0.9869412820000889,10848,0.00033393652091378087,0.00033393652091378087,1641,9207,True,converged
17,0.1,sap_admm,1.0,0.0032258447030168677,0.5652513129998624,3991,0.00033393652091378087,0.00033393652091378087,1641,2350,True,converged
17,0.1,sap_admm_halpern,1.0,0.003308343783494022,1.3409925349999412,14737,0.00033393652091378087,0.00033393652091378087,1641,13096,True,converged
18,0.1,sap_admm,1.0,0.010062740000383036,0.24207202299999153,1691,0.00033393652091378087,0.00033393652091378087,1641,50,True,converged
18,0.1,sap_admm_halpern,1.0,0.01048000844482377,0.7985177680000106,8925,0.00033393652091378087,0.00033393652091378087,1641,7284,True,converged
19,0.1,sap_admm,1.0,0.004203655004352703,0.24534252899979947,1723,0.00033393652091378087,0.00033393652091378087,1641,82,True,converged
19,0.1,sap_admm_halpern,1.0,0.0042756795884971764,0.5402125479999995,6018,0.00033393652091378087,0.00033393652091378087,1641,4377,True,converged
20,0.1,sap_admm,1.0,0.005903260869485016,0.3225638430001254,2272,0.00033393652091378087,0.00033393652091378087,1641,631,True,converged
20,0.1,sap_admm_halpern,1.0,0.005948430046030895,0.7472046059999684,8269,0.00033393652091378087,0.00033393652091378087,1641,6628,True,converged
21,0.1,sap_admm,1.0,0.0023315281635012705,0.30936374299994895,2241,0.00033393652091378087,0.00033393652091378087,1641,600,True,converged
21,0.1,sap_admm_halpern,1.0,0.00248037781130148,1.2266117599999689,13517,0.00033393652091378087,0.00033393652091378087,1641,11876,True,converged
22,0.1,sap_admm,1.0,0.004533693554606295,0.3541803539999364,2517,0.00033393652091378087,0.00033393652091378087,1641,876,True,converged
22,0.1,sap_admm_halpern,1.0,0.004764865570230609,1.161890527999958,12736,0.00033393652091378087,0.00033393652091378087,1641,11095,True,converged
23,0.1,sap_admm,1.0,0.007120191911657283,0.31890754100004415,2272,0.00033393652091378087,0.00033393652091378087,1641,631,True,converged
23,0.1,sap_admm_halpern,1.0,0.006965704553335174,0.9391238210000665,10457,0.00033393652091378087,0.00033393652091378087,1641,8816,True,converged
24,0.1,sap_admm,0.8571428571428571,0.04300860948403808,0.4727145649999329,3387,0.00033393652091378087,0.00033393652091378087,1641,1746,True,converged
24,0.1,sap_admm_halpern,0.8571428571428571,0.0431882041707172,1.852888283000084,20000,0.00033393652091378087,0.00033393652091378087,1641,18359,True,max_iter
25,0.1,sap_admm,0.8888888888888888,0.041633522029184224,0.4073640669998895,2920,0.00033393652091378087,0.00033393652091378087,1641,1279,True,converged
25,0.1,sap_admm_halpern,0.8888888888888888,0.04031630238607194,0.9961531690000811,10858,0.00033393652091378087,0.00033393652091378087,1641,9217,True,converged
26,0.1,sap_admm,1.0,0.003998785689727289,0.5208048970000618,3610,0.00033393652091378087,0.00033393652091378087,1641,1969,True,converged
26,0.1,sap_admm_halpern,1.0,0.0039137010058848615,1.6545317969998905,16361,0.00033393652091378087,0.00033393652091378087,1641,14720,True,converged
27,0.1,sap_admm,1.0,0.005957605147973414,0.4192464759998984,2958,0.00033393652091378087,0.00033393652091378087,1641,1317,True,converged
27,0.1,sap_admm_halpern,1.0,0.005684901620751681,1.010769011000093,10886,0.00033393652091378087,0.00033393652091378087,1641,9245,True,converged
28,0.1,sap_admm,1.0,0.005891873403664295,0.5325868219999847,3766,0.00033393652091378087,0.00033393652091378087,1641,2125,True,converged
28,0.1,sap_admm_halpern,1.0,0.005963124562260123,1.1004804459998923,12367,0.00033393652091378087,0.00033393652091378087,1641,10726,True,converged
29,0.1,sap_admm,1.0,0.009456706005767177,0.5428045009998641,3765,0.00033393652091378087,0.00033393652091378087,1641,2124,True,converged
29,0.1,sap_admm_halpern,1.0,0.009019862525631831,1.1142049749998932,12121,0.00033393652091378087,0.00033393652091378087,1641,10480,True,converged
30,0.1,sap_admm,0.8888888888888888,0.028305346804103387,0.54696865599999,3825,0.00033393652091378087,0.00033393652091378087,1641,2184,True,converged
30,0.1,sap_admm_halpern,0.8888888888888888,0.028538830743917488,1.2877886500000386,14324,0.00033393652091378087,0.00033393652091378087,1641,12683,True,converged
31,0.1,sap_admm,1.0,0.007442322334878378,0.4674094750000677,3332,0.00033393652091378087,0.00033393652091378087,1641,1691,True,converged
31,0.1,sap_admm_halpern,1.0,0.008042806271524509,1.4000515239999913,15551,0.00033393652091378087,0.00033393652091378087,1641,13910,True,converged
32,0.1,sap_admm,1.0,0.003161524912097534,0.2658311830000457,1905,0.00033393652091378087,0.00033393652091378087,1641,264,True,converged
32,0.1,sap_admm_halpern,1.0,0.00340285363289973,1.3875407159998758,15415,0.00033393652091378087,0.00033393652091378087,1641,13774,True,converged
33,0.1,sap_admm,1.0,0.008934180948644184,0.2679648460000408,1872,0.00033393652091378087,0.00033393652091378087,1641,231,True,converged
33,0.1,sap_admm_halpern,1.0,0.008484096942527995,0.9647212769998532,10818,0.00033393652091378087,0.00033393652091378087,1641,9177,True,converged
34,0.1,sap_admm,0.9,0.038203792172445766,0.31533498300018437,2292,0.00033393652091378087,0.00033393652091378087,1641,651,True,converged
34,0.1,sap_admm_halpern,0.9,0.03840827125769612,0.929522039999938,10087,0.00033393652091378087,0.00033393652091378087,1641,8446,True,converged
35,0.1,sap_admm,0.9411764705882353,0.1995198986098943,0.4708424800001012,3354,0.00033393652091378087,0.00033393652091378087,1641,1713,True,converged
35,0.1,sap_admm_halpern,0.9411764705882353,0.19912546284090263,1.1063110970001162,12230,0.00033393652091378087,0.00033393652091378087,1641,10589,True,converged
36,0.1,sap_admm,1.0,0.0030108836993183877,0.3186520259998815,2270,0.00033393652091378087,0.00033393652091378087,1641,629,True,converged
36,0.1,sap_admm_halpern,1.0,0.0028521250803349297,0.7525625259997923,8421,0.00033393652091378087,0.00033393652091378087,1641,6780,True,converged
37,0.1,sap_admm,0.9473684210526315,0.016849024155409936,0.344946168999968,2442,0.00033393652091378087,0.00033393652091378087,1641,801,True,converged
37,0.1,sap_admm_halpern,1.0,0.006737837053999378,1.1770069819999662,13172,0.00033393652091378087,0.00033393652091378087,1641,11531,True,converged
38,0.1,sap_admm,1.0,0.005490396246916443,0.2820012540000789,2013,0.00033393652091378087,0.00033393652091378087,1641,372,True,converged
38,0.1,sap_admm_halpern,1.0,0.005139506636228189,1.7250166690000697,19215,0.00033393652091378087,0.00033393652091378087,1641,17574,True,converged
39,0.1,sap_admm,0.8888888888888888,0.0299684417386871,0.24706515399998352,1727,0.00033393652091378087,0.00033393652091378087,1641,86,True,converged
39,0.1,sap_admm_halpern,0.8888888888888888,0.030082001593099157,0.8320296900001267,9262,0.00033393652091378087,0.00033393652091378087,1641,7621,True,converged
40,0.1,sap_admm,1.0,0.0046730128279816865,0.2669450759999563,1880,0.00033393652091378087,0.00033393652091378087,1641,239,True,converged
40,0.1,sap_admm_halpern,1.0,0.004799673498586256,0.661093302999916,7319,0.00033393652091378087,0.00033393652091378087,1641,5678,True,converged
41,0.1,sap_admm,0.9,0.018757245572742616,0.4096416299998964,2918,0.00033393652091378087,0.00033393652091378087,1641,1277,True,converged
41,0.1,sap_admm_halpern,0.9,0.018831925871176245,1.091544302000102,12130,0.00033393652091378087,0.00033393652091378087,1641,10489,True,converged
42,0.1,sap_admm,1.0,0.0065182568954957635,0.24286108100000092,1706,0.00033393652091378087,0.00033393652091378087,1641,65,True,converged
42,0.1,sap_admm_halpern,1.0,0.005382730710235633,0.8817529680000007,9807,0.00033393652091378087,0.00033393652091378087,1641,8166,True,converged
43,0.1,sap_admm,1.0,0.004431205497725229,0.26063684300015666,1830,0.00033393652091378087,0.00033393652091378087,1641,189,True,converged
43,0.1,sap_admm_halpern,1.0,0.00471107210384933,0.5837034460000723,6474,0.00033393652091378087,0.00033393652091378087,1641,4833,True,converged
44,0.1,sap_admm,0.9523809523809523,0.016329035581995967,0.29060188200014636,2028,0.00033393652091378087,0.00033393652091378087,1641,387,True,converged
44,0.1,sap_admm_halpern,0.9523809523809523,0.01614942201297421,0.6173145729999305,6562,0.00033393652091378087,0.00033393652091378087,1641,4921,True,converged
45,0.1,sap_admm,0.8888888888888888,0.0441044228450547,0.5926935339998636,3950,0.00033393652091378087,0.00033393652091378087,1641,2309,True,converged
45,0.1,sap_admm_halpern,0.8888888888888888,0.04397553031920253,1.3138395429998582,13815,0.00033393652091378087,0.00033393652091378087,1641,12174,True,converged
46,0.1,sap_admm,0.6666666666666666,0.08958699357845085,0.5091958579998845,2597,0.00033393652091378087,0.00033393652091378087,1641,956,True,converged
46,0.1,sap_admm_halpern,0.6666666666666666,0.08975604357199242,1.0421765219998633,9992,0.00033393652091378087,0.00033393652091378087,1641,8351,True,converged
47,0.1,sap_admm,1.0,0.005551562508205205,0.5922764770000413,4117,0.00033393652091378087,0.00033393652091378087,1641,2476,True,converged
47,0.1,sap_admm_halpern,1.0,0.005640937406296106,0.9881616919999487,10847,0.00033393652091378087,0.00033393652091378087,1641,9206,True,converged
48,0.1,sap_admm,0.8421052631578947,0.03788482062505339,0.5501811999999973,3842,0.00033393652091378087,0.00033393652091378087,1641,2201,True,converged
48,0.1,sap_admm_halpern,0.8421052631578947,0.03857865255376838,1.5479782840000098,17155,0.00033393652091378087,0.00033393652091378087,1641,15514,True,converged
49,0.1,sap_admm,0.9,0.021813910079109614,0.45054950100006863,3168,0.00033393652091378087,0.00033393652091378087,1641,1527,True,converged
49,0.1,sap_admm_halpern,0.9,0.02184516999109751,1.2151618450000115,13721,0.00033393652091378087,0.00033393652091378087,1641,12080,True,converged
50,0.1,sap_admm,1.0,0.009048493293881533,0.45743165099997896,3242,0.00033393652091378087,0.00033393652091378087,1641,1601,True,converged
50,0.1,sap_admm_halpern,1.0,0.009089284954327214,1.0675858909999079,11763,0.00033393652091378087,0.00033393652091378087,1641,10122,True,converged
1,0.15,sap_admm,1.0,0.003717789641062421,0.44768268399980116,3167,0.00033393652091378087,0.00033393652091378087,1641,1526,True,converged
1,0.15,sap_admm_halpern,1.0,0.0038287338412378398,1.2411388729999544,14096,0.00033393652091378087,0.00033393652091378087,1641,12455,True,converged
2,0.15,sap_admm,0.8,0.09197155511698989,0.37493340500009253,2617,0.00033393652091378087,0.00033393652091378087,1641,976,True,converged
2,0.15,sap_admm_halpern,0.8,0.09188655901989465,1.1830852699999923,13152,0.00033393652091378087,0.00033393652091378087,1641,11511,True,converged
3,0.15,sap_admm,1.0,0.005660846798120381,0.40625636000004306,2916,0.00033393652091378087,0.00033393652091378087,1641,1275,True,converged
3,0.15,sap_admm_halpern,1.0,0.005520855207995942,0.8897975580000548,9395,0.00033393652091378087,0.00033393652091378087,1641,7754,True,converged
4,0.15,sap_admm,0.9,0.040089721474128814,0.2459115300000576,1755,0.00033393652091378087,0.00033393652091378087,1641,114,True,converged
4,0.15,sap_admm_halpern,0.9,0.040066395077737356,1.237804307000033,13544,0.00033393652091378087,0.00033393652091378087,1641,11903,True,converged
5,0.15,sap_admm,0.75,0.05767229452128725,0.33219103800001903,2314,0.00033393652091378087,0.00033393652091378087,1641,673,True,converged
5,0.15,sap_admm_halpern,0.75,0.057635227979215234,0.9983725820000018,11199,0.00033393652091378087,0.00033393652091378087,1641,9558,True,converged
6,0.15,sap_admm,0.9523809523809523,0.015515030387135583,0.3925247980000677,2745,0.00033393652091378087,0.00033393652091378087,1641,1104,True,converged
6,0.15,sap_admm_halpern,0.9523809523809523,0.015350103875049708,0.8438562320000074,9384,0.00033393652091378087,0.00033393652091378087,1641,7743,True,converged
7,0.15,sap_admm,1.0,0.005461045710882339,0.3874604889999773,2796,0.00033393652091378087,0.00033393652091378087,1641,1155,True,converged
7,0.15,sap_admm_halpern,1.0,0.00551936467600146,0.8223614359999374,8484,0.00033393652091378087,0.00033393652091378087,1641,6843,True,converged
8,0.15,sap_admm,0.9473684210526315,0.1653783962460165,0.27447570000003907,1930,0.00033393652091378087,0.00033393652091378087,1641,289,True,converged
8,0.15,sap_admm_halpern,0.9473684210526315,0.16749311828166127,0.8359858859998894,8980,0.00033393652091378087,0.00033393652091378087,1641,7339,True,converged
9,0.15,sap_admm,0.7777777777777778,0.04603933070957069,0.4751485340000272,3362,0.00033393652091378087,0.00033393652091378087,1641,1721,True,converged
9,0.15,sap_admm_halpern,0.7777777777777778,0.04577596702199741,1.7712408439999763,20000,0.00033393652091378087,0.00033393652091378087,1641,18359,True,max_iter
10,0.15,sap_admm,0.8181818181818182,0.037336826316883856,0.36951619499996013,2626,0.00033393652091378087,0.00033393652091378087,1641,985,True,converged
10,0.15,sap_admm_halpern,0.8181818181818182,0.03719645692848522,0.9092030250001244,10315,0.00033393652091378087,0.00033393652091378087,1641,8674,True,converged
11,0.15,sap_admm,0.8888888888888888,0.10247010879615928,0.5839296640001521,4124,0.00033393652091378087,0.00033393652091378087,1641,2483,True,converged
11,0.15,sap_admm_halpern,0.8888888888888888,0.10214342468419481,1.7932308049998937,20000,0.00033393652091378087,0.00033393652091378087,1641,18359,True,max_iter
12,0.15,sap_admm,0.8571428571428571,0.027299019086073895,0.4630309930000749,3302,0.00033393652091378087,0.00033393652091378087,1641,1661,True,converged
12,0.15,sap_admm_halpern,0.8571428571428571,0.03703646208108311,1.5480755349999527,17081,0.00033393652091378087,0.00033393652091378087,1641,15440,True,converged
13,0.15,sap_admm,0.8421052631578947,0.09417904212326116,0.26156080900000234,1849,0.00033393652091378087,0.00033393652091378087,1641,208,True,converged
13,0.15,sap_admm_halpern,0.8421052631578947,0.09378135205162184,0.82146501599982,9197,0.00033393652091378087,0.00033393652091378087,1641,7556,True,converged
14,0.15,sap_admm,1.0,0.0034592015777867562,0.3533707220001361,2512,0.00033393652091378087,0.00033393652091378087,1641,871,True,converged
14,0.15,sap_admm_halpern,1.0,0.003385008056052924,0.7002826129998994,7841,0.00033393652091378087,0.00033393652091378087,1641,6200,True,converged
15,0.15,sap_admm,0.875,0.019910477485358877,0.40194410300000527,2881,0.00033393652091378087,0.00033393652091378087,1641,1240,True,converged
15,0.15,sap_admm_halpern,0.875,0.019918091619946402,0.9346464530001413,10576,0.00033393652091378087,0.00033393652091378087,1641,8935,True,converged
16,0.15,sap_admm,0.9,0.06747325076459357,0.4082939169998099,2901,0.00033393652091378087,0.00033393652091378087,1641,1260,True,converged
16,0.15,sap_admm_halpern,0.9,0.06688635645410383,0.944659202999901,10607,0.00033393652091378087,0.00033393652091378087,1641,8966,True,converged
17,0.15,sap_admm,0.8888888888888888,0.0394551110053004,0.48412889300016104,3434,0.00033393652091378087,0.00033393652091378087,1641,1793,True,converged
17,0.15,sap_admm_halpern,0.8888888888888888,0.03953563829627011,0.8752736900000855,9744,0.00033393652091378087,0.00033393652091378087,1641,8103,True,converged
18,0.15,sap_admm,1.0,0.01180655601501561,0.470188035000092,3360,0.00033393652091378087,0.00033393652091378087,1641,1719,True,converged
18,0.15,sap_admm_halpern,1.0,0.01091873948086431,1.2664745759998368,14159,0.00033393652091378087,0.00033393652091378087,1641,12518,True,converged
19,0.15,sap_admm,1.0,0.007097826572708112,0.39232989099991755,2779,0.00033393652091378087,0.00033393652091378087,1641,1138,True,converged
19,0.15,sap_admm_halpern,1.0,0.007094281411028642,1.032694494999987,11437,0.00033393652091378087,0.00033393652091378087,1641,9796,True,converged
20,0.15,sap_admm,0.9,0.029940662666290824,0.34750769700008277,2457,0.00033393652091378087,0.00033393652091378087,1641,816,True,converged
20,0.15,sap_admm_halpern,0.9,0.030327501528735104,0.9994588739998562,11227,0.00033393652091378087,0.00033393652091378087,1641,9586,True,converged
21,0.15,sap_admm,1.0,0.00433974363526786,0.4056747039999209,2876,0.00033393652091378087,0.00033393652091378087,1641,1235,True,converged
21,0.15,sap_admm_halpern,1.0,0.004431878816777292,0.8365307710000707,9445,0.00033393652091378087,0.00033393652091378087,1641,7804,True,converged
22,0.15,sap_admm,0.9473684210526315,0.02468077936104127,0.32032081900001685,2271,0.00033393652091378087,0.00033393652091378087,1641,630,True,converged
22,0.15,sap_admm_halpern,0.9473684210526315,0.024732595468939692,0.6285637290000068,7033,0.00033393652091378087,0.00033393652091378087,1641,5392,True,converged
23,0.15,sap_admm,0.9,0.025391168564202975,0.280479018999813,1982,0.00033393652091378087,0.00033393652091378087,1641,341,True,converged
23,0.15,sap_admm_halpern,0.9,0.02584219203984857,0.7704996110001048,8721,0.00033393652091378087,0.00033393652091378087,1641,7080,True,converged
24,0.15,sap_admm,0.8888888888888888,0.02176182096366657,0.4144406180000715,2929,0.00033393652091378087,0.00033393652091378087,1641,1288,True,converged
24,0.15,sap_admm_halpern,0.8888888888888888,0.0211517328839325,1.0848954549999235,12179,0.00033393652091378087,0.00033393652091378087,1641,10538,True,converged
25,0.15,sap_admm,1.0,0.008437072089770754,0.26114776100007475,1887,0.00033393652091378087,0.00033393652091378087,1641,246,True,converged
25,0.15,sap_admm_halpern,1.0,0.008386549701135169,0.6736096670001643,7590,0.00033393652091378087,0.00033393652091378087,1641,5949,True,converged
26,0.15,sap_admm,0.8888888888888888,0.024566106730937762,0.39557508300003974,2736,0.00033393652091378087,0.00033393652091378087,1641,1095,True,converged
26,0.15,sap_admm_halpern,0.8888888888888888,0.023802939829347832,0.982998483000074,10955,0.00033393652091378087,0.00033393652091378087,1641,9314,True,converged
27,0.15,sap_admm,0.7777777777777778,0.061142072759655094,0.29523459999995794,2122,0.00033393652091378087,0.00033393652091378087,1641,481,True,converged
27,0.15,sap_admm_halpern,0.7777777777777778,0.06109757949803222,0.9402166300001227,10495,0.00033393652091378087,0.00033393652091378087,1641,8854,True,converged
28,0.15,sap_admm,1.0,0.0031929204133702847,0.3897218960000828,2748,0.00033393652091378087,0.00033393652091378087,1641,1107,True,converged
28,0.15,sap_admm_halpern,1.0,0.003104324945152685,0.995245210000121,11085,0.00033393652091378087,0.00033393652091378087,1641,9444,True,converged
29,0.15,sap_admm,1.0,0.005891317070501458,0.24793583199993918,1789,0.00033393652091378087,0.00033393652091378087,1641,148,True,converged
29,0.15,sap_admm_halpern,1.0,0.00562791183872608,0.8678868229999352,9798,0.00033393652091378087,0.00033393652091378087,1641,8157,True,converged
30,0.15,sap_admm,0.7368421052631579,0.06567558616217206,0.3968452599999637,2854,0.00033393652091378087,0.00033393652091378087,1641,1213,True,converged
30,0.15,sap_admm_halpern,0.7368421052631579,0.06544932595478888,1.0067436369999996,11242,0.00033393652091378087,0.00033393652091378087,1641,9601,True,converged
31,0.15,sap_admm,0.8888888888888888,0.014749134218575167,0.3228476619999583,2284,0.00033393652091378087,0.00033393652091378087,1641,643,True,converged
31,0.15,sap_admm_halpern,0.8888888888888888,0.014787661439656749,1.6734052239999073,18553,0.00033393652091378087,0.00033393652091378087,1641,16912,True,converged
32,0.15,sap_admm,0.8421052631578947,0.035669797287348017,0.33528251899997485,2391,0.00033393652091378087,0.00033393652091378087,1641,750,True,converged
32,0.15,sap_admm_halpern,0.8421052631578947,0.03533023345973479,1.0077333100000487,11166,0.00033393652091378087,0.00033393652091378087,1641,9525,True,converged
33,0.15,sap_admm,0.9,0.013082800823957018,0.36858318800000234,2587,0.00033393652091378087,0.00033393652091378087,1641,946,True,converged
33,0.15,sap_admm_halpern,0.9,0.012793761293343604,0.7398798520000582,8246,0.00033393652091378087,0.00033393652091378087,1641,6605,True,converged
34,0.15,sap_admm,1.0,0.010709148215022722,0.3516308530001879,2501,0.00033393652091378087,0.00033393652091378087,1641,860,True,converged
34,0.15,sap_admm_halpern,1.0,0.010521970760216192,1.09159215700015,12065,0.00033393652091378087,0.00033393652091378087,1641,10424,True,converged
35,0.15,sap_admm,0.8888888888888888,0.02179140181694563,0.3689743620000172,2569,0.00033393652091378087,0.00033393652091378087,1641,928,True,converged
35,0.15,sap_admm_halpern,0.8888888888888888,0.021676748508154823,1.306350909999992,14120,0.00033393652091378087,0.00033393652091378087,1641,12479,True,converged
36,0.15,sap_admm,0.9473684210526315,0.019479417697614403,0.3858525910000026,2687,0.00033393652091378087,0.00033393652091378087,1641,1046,True,converged
36,0.15,sap_admm_halpern,0.9473684210526315,0.01958497026878107,1.1512147800001458,12632,0.00033393652091378087,0.00033393652091378087,1641,10991,True,converged
37,0.15,sap_admm,0.7,0.09337835680355584,0.3648839139998472,2496,0.00033393652091378087,0.00033393652091378087,1641,855,True,converged
37,0.15,sap_admm_halpern,0.7,0.09440355235910484,1.2759492430000137,13884,0.00033393652091378087,0.00033393652091378087,1641,12243,True,converged
38,0.15,sap_admm,0.875,0.032523676747513545,0.4106400569999096,2972,0.00033393652091378087,0.00033393652091378087,1641,1331,True,converged
38,0.15,sap_admm_halpern,0.875,0.031201266409596532,0.9122463800001697,10042,0.00033393652091378087,0.00033393652091378087,1641,8401,True,converged
39,0.15,sap_admm,0.9411764705882353,0.08414292080364646,0.9493462569998883,6860,0.00033393652091378087,0.00033393652091378087,1641,5219,True,converged
39,0.15,sap_admm_halpern,0.9411764705882353,0.08387736188436105,1.3981195870001102,15721,0.00033393652091378087,0.00033393652091378087,1641,14080,True,converged
40,0.15,sap_admm,1.0,0.00126755715027968,0.3381522549998408,2437,0.00033393652091378087,0.00033393652091378087,1641,796,True,converged
40,0.15,sap_admm_halpern,1.0,0.00167493551629922,1.259806554999841,14013,0.00033393652091378087,0.00033393652091378087,1641,12372,True,converged
41,0.15,sap_admm,0.9523809523809523,0.02124466484495521,0.29597256200008815,2060,0.00033393652091378087,0.00033393652091378087,1641,419,True,converged
41,0.15,sap_admm_halpern,0.9523809523809523,0.021099881959964047,0.8712425029998485,9618,0.00033393652091378087,0.00033393652091378087,1641,7977,True,converged
42,0.15,sap_admm,1.0,0.008241707879725588,0.3091425810000601,2179,0.00033393652091378087,0.00033393652091378087,1641,538,True,converged
42,0.15,sap_admm_halpern,1.0,0.007454040330380465,0.7462012430000868,8296,0.00033393652091378087,0.00033393652091378087,1641,6655,True,converged
43,0.15,sap_admm,1.0,0.003533483781138382,0.2570571400001427,1861,0.00033393652091378087,0.00033393652091378087,1641,220,True,converged
43,0.15,sap_admm_halpern,1.0,0.0033262604807656275,1.2846884210000553,14239,0.00033393652091378087,0.00033393652091378087,1641,12598,True,converged
44,0.15,sap_admm,1.0,0.006587155145979701,0.2932174899999609,2103,0.00033393652091378087,0.00033393652091378087,1641,462,True,converged
44,0.15,sap_admm_halpern,1.0,0.00644546846619342,0.9692590839999866,10632,0.00033393652091378087,0.00033393652091378087,1641,8991,True,converged
45,0.15,sap_admm,0.9473684210526315,0.00875242453354481,0.40474681099999543,2866,0.00033393652091378087,0.00033393652091378087,1641,1225,True,converged
45,0.15,sap_admm_halpern,1.0,0.0063237099825126444,0.9078817930001151,9960,0.00033393652091378087,0.00033393652091378087,1641,8319,True,converged
46,0.15,sap_admm,1.0,0.003856869635746225,0.41533053600005587,2916,0.00033393652091378087,0.00033393652091378087,1641,1275,True,converged
46,0.15,sap_admm_halpern,1.0,0.0034839564631562207,1.0966063210000812,12211,0.00033393652091378087,0.00033393652091378087,1641,10570,True,converged
47,0.15,sap_admm,1.0,0.0030325271966110817,0.5272472540000308,3689,0.00033393652091378087,0.00033393652091378087,1641,2048,True,converged
47,0.15,sap_admm_halpern,1.0,0.0029579295743325613,1.1125407399999858,12463,0.00033393652091378087,0.00033393652091378087,1641,10822,True,converged
48,0.15,sap_admm,1.0,0.0049130042227412875,0.329281187000106,2348,0.00033393652091378087,0.00033393652091378087,1641,707,True,converged
48,0.15,sap_admm_halpern,1.0,0.004838234173366878,0.9375021799999104,10435,0.00033393652091378087,0.00033393652091378087,1641,8794,True,converged
49,0.15,sap_admm,0.9090909090909091,0.03216578341684633,0.3005556660000366,2092,0.00033393652091378087,0.00033393652091378087,1641,451,True,converged
49,0.15,sap_admm_halpern,0.9090909090909091,0.03253403606896387,1.4335954499999843,15898,0.00033393652091378087,0.00033393652091378087,1641,14257,True,converged
50,0.15,sap_admm,1.0,0.0034299960932220523,0.32963402799987307,2296,0.00033393652091378087,0.00033393652091378087,1641,655,True,converged
50,0.15,sap_admm_halpern,1.0,0.004205882397336511,1.2149288119999255,11446,0.00033393652091378087,0.00033393652091378087,1641,9805,True,converged
1,0.2,sap_admm,1.0,0.004209185335772267,0.33544312199978776,2388,0.00033393652091378087,0.00033393652091378087,1641,747,True,converged
1,0.2,sap_admm_halpern,1.0,0.004018301853507199,0.8128383040000244,9208,0.00033393652091378087,0.00033393652091378087,1641,7567,True,converged
2,0.2,sap_admm,1.0,0.007637699904883783,0.26590185899999597,1898,0.00033393652091378087,0.00033393652091378087,1641,257,True,converged
2,0.2,sap_admm_halpern,1.0,0.007056698989745185,0.7698228300000665,8655,0.00033393652091378087,0.00033393652091378087,1641,7014,True,converged
3,0.2,sap_admm,0.9,0.03080087809706488,0.45821617100000367,3319,0.00033393652091378087,0.00033393652091378087,1641,1678,True,converged
3,0.2,sap_admm_halpern,0.9,0.03097757985672722,0.8736913909999657,9721,0.00033393652091378087,0.00033393652091378087,1641,8080,True,converged
4,0.2,sap_admm,0.8333333333333334,0.14605321905982213,0.5288433500002157,3716,0.00033393652091378087,0.00033393652091378087,1641,2075,True,converged
4,0.2,sap_admm_halpern,0.8333333333333334,0.1458521216986094,0.9194565139998758,10245,0.00033393652091378087,0.00033393652091378087,1641,8604,True,converged
5,0.2,sap_admm,1.0,0.009056707038305672,0.26402114500001517,1870,0.00033393652091378087,0.00033393652091378087,1641,229,True,converged
5,0.2,sap_admm_halpern,1.0,0.009878985849074566,1.423029963999852,12350,0.00033393652091378087,0.00033393652091378087,1641,10709,True,converged
6,0.2,sap_admm,1.0,0.007674224547352271,0.5129156609998518,3623,0.00033393652091378087,0.00033393652091378087,1641,1982,True,converged
6,0.2,sap_admm_halpern,1.0,0.00754897770005698,0.9084241269999893,10080,0.00033393652091378087,0.00033393652091378087,1641,8439,True,converged
7,0.2,sap_admm,0.9,0.02948878758930643,0.35534375399993223,2201,0.00033393652091378087,0.00033393652091378087,1641,560,True,converged
7,0.2,sap_admm_halpern,0.9,0.029679942824354225,0.5518000429999574,6014,0.00033393652091378087,0.00033393652091378087,1641,4373,True,converged
8,0.2,sap_admm,0.7368421052631579,0.08933527563772795,0.4287409639998714,3097,0.00033393652091378087,0.00033393652091378087,1641,1456,True,converged
8,0.2,sap_admm_halpern,0.7368421052631579,0.08937927215599202,0.8938587620000362,9378,0.00033393652091378087,0.00033393652091378087,1641,7737,True,converged
9,0.2,sap_admm,0.875,0.033500253113287665,0.5394373280000764,3808,0.00033393652091378087,0.00033393652091378087,1641,2167,True,converged
9,0.2,sap_admm_halpern,0.875,0.033675986011947066,0.9473215550001441,9768,0.00033393652091378087,0.00033393652091378087,1641,8127,True,converged
10,0.2,sap_admm,1.0,0.00670154739585807,1.0543082120000236,4796,0.00033393652091378087,0.00033393652091378087,1641,3155,True,converged
10,0.2,sap_admm_halpern,1.0,0.0068062605565353245,1.124722095000152,12694,0.00033393652091378087,0.00033393652091378087,1641,11053,True,converged
11,0.2,sap_admm,0.9473684210526315,0.026324719547203956,0.27472294999984115,1860,0.00033393652091378087,0.00033393652091378087,1641,219,True,converged
11,0.2,sap_admm_halpern,0.9473684210526315,0.026342105351885726,0.7931141579999803,8928,0.00033393652091378087,0.00033393652091378087,1641,7287,True,converged
12,0.2,sap_admm,0.8571428571428571,0.027847352722840314,0.7476113940001596,5331,0.00033393652091378087,0.00033393652091378087,1641,3690,True,converged
12,0.2,sap_admm_halpern,0.8571428571428571,0.02781339133864064,1.1837132160001147,13282,0.00033393652091378087,0.00033393652091378087,1641,11641,True,converged
13,0.2,sap_admm,1.0,0.005399789958961079,0.49957832399991275,3561,0.00033393652091378087,0.00033393652091378087,1641,1920,True,converged
13,0.2,sap_admm_halpern,0.8888888888888888,0.02340186217796223,1.088496019999866,12138,0.00033393652091378087,0.00033393652091378087,1641,10497,True,converged
14,0.2,sap_admm,1.0,0.004764692710540093,0.35564122699997824,2574,0.00033393652091378087,0.00033393652091378087,1641,933,True,converged
14,0.2,sap_admm_halpern,1.0,0.004848337907371007,0.9524748819999331,10716,0.00033393652091378087,0.00033393652091378087,1641,9075,True,converged
15,0.2,sap_admm,0.8888888888888888,0.17414848504099043,0.49510480499998266,3416,0.00033393652091378087,0.00033393652091378087,1641,1775,True,converged
15,0.2,sap_admm_halpern,0.8888888888888888,0.17446776433362307,1.3433064079999895,14870,0.00033393652091378087,0.00033393652091378087,1641,13229,True,converged
16,0.2,sap_admm,0.9,0.03303130306735566,0.2583681260000503,1831,0.00033393652091378087,0.00033393652091378087,1641,190,True,converged
16,0.2,sap_admm_halpern,0.9,0.03326588685046281,0.6566702160000659,7177,0.00033393652091378087,0.00033393652091378087,1641,5536,True,converged
17,0.2,sap_admm,1.0,0.009811763182999719,0.4535929210001086,2855,0.00033393652091378087,0.00033393652091378087,1641,1214,True,converged
17,0.2,sap_admm_halpern,1.0,0.010005809281617515,0.9319646220001232,10269,0.00033393652091378087,0.00033393652091378087,1641,8628,True,converged
18,0.2,sap_admm,0.7,0.06470487798062886,0.420287548000033,2650,0.00033393652091378087,0.00033393652091378087,1641,1009,True,converged
18,0.2,sap_admm_halpern,0.7,0.06423628720334741,1.444787801000075,12100,0.00033393652091378087,0.00033393652091378087,1641,10459,True,converged
19,0.2,sap_admm,0.9090909090909091,0.015180326394234613,0.43696597699999984,2911,0.00033393652091378087,0.00033393652091378087,1641,1270,True,converged
19,0.2,sap_admm_halpern,0.9090909090909091,0.014455865447886152,2.2174329219999436,15370,0.00033393652091378087,0.00033393652091378087,1641,13729,True,converged
20,0.2,sap_admm,1.0,0.0038551020911519658,0.46142561900001056,3008,0.00033393652091378087,0.00033393652091378087,1641,1367,True,converged
20,0.2,sap_admm_halpern,0.9523809523809523,0.02572051006850892,1.5009145340000032,16197,0.00033393652091378087,0.00033393652091378087,1641,14556,True,converged
21,0.2,sap_admm,0.9,0.025762265721877065,0.46183536799981084,3202,0.00033393652091378087,0.00033393652091378087,1641,1561,True,converged
21,0.2,sap_admm_halpern,0.9,0.02552733413803468,1.08478467000009,12208,0.00033393652091378087,0.00033393652091378087,1641,10567,True,converged
22,0.2,sap_admm,0.8,0.024266101828397554,0.34131514299997434,2384,0.00033393652091378087,0.00033393652091378087,1641,743,True,converged
22,0.2,sap_admm_halpern,0.8,0.024319661618348032,0.8333948330000567,9252,0.00033393652091378087,0.00033393652091378087,1641,7611,True,converged
23,0.2,sap_admm,0.75,0.0677831629880406,0.3247748720000345,2225,0.00033393652091378087,0.00033393652091378087,1641,584,True,converged
23,0.2,sap_admm_halpern,0.75,0.06713480874535249,1.1743935050001255,12649,0.00033393652091378087,0.00033393652091378087,1641,11008,True,converged
24,0.2,sap_admm,0.7,0.07323436889226936,0.85077284099998,4759,0.00033393652091378087,0.00033393652091378087,1641,3118,True,converged
24,0.2,sap_admm_halpern,0.7,0.07336626463333266,1.4320462870000483,15697,0.00033393652091378087,0.00033393652091378087,1641,14056,True,converged
25,0.2,sap_admm,0.9090909090909091,0.032305393717308645,0.3776670459999423,2614,0.00033393652091378087,0.00033393652091378087,1641,973,True,converged
25,0.2,sap_admm_halpern,0.8695652173913043,0.04641312123908304,0.6512750199999573,7235,0.00033393652091378087,0.00033393652091378087,1641,5594,True,converged
26,0.2,sap_admm,0.8888888888888888,0.03429492361846453,0.3037507699998514,2093,0.00033393652091378087,0.00033393652091378087,1641,452,True,converged
26,0.2,sap_admm_halpern,0.8888888888888888,0.0343224199955735,1.0114310859999023,11137,0.00033393652091378087,0.00033393652091378087,1641,9496,True,converged
27,0.2,sap_admm,0.7777777777777778,0.054827350849117405,0.42796749799981626,3024,0.00033393652091378087,0.00033393652091378087,1641,1383,True,converged
27,0.2,sap_admm_halpern,0.7777777777777778,0.054923773241956624,0.9677560840000297,10749,0.00033393652091378087,0.00033393652091378087,1641,9108,True,converged
28,0.2,sap_admm,1.0,0.008239819417124355,0.5063579390000541,3520,0.00033393652091378087,0.00033393652091378087,1641,1879,True,converged
28,0.2,sap_admm_halpern,1.0,0.00855161296492215,0.7755324700001438,8560,0.00033393652091378087,0.00033393652091378087,1641,6919,True,converged
29,0.2,sap_admm,0.7777777777777778,0.09884480667369729,0.4440174859998933,3095,0.00033393652091378087,0.00033393652091378087,1641,1454,True,converged
29,0.2,sap_admm_halpern,0.8888888888888888,0.021722305571482515,1.4386896659998456,14805,0.00033393652091378087,0.00033393652091378087,1641,13164,True,converged
30,0.2,sap_admm,0.9,0.11639003927851434,0.5057657879999624,3470,0.00033393652091378087,0.00033393652091378087,1641,1829,True,converged
30,0.2,sap_admm_halpern,0.9,0.11648666986040553,1.3821972230000483,14402,0.00033393652091378087,0.00033393652091378087,1641,12761,True,converged
31,0.2,sap_admm,1.0,0.008543875911853181,0.4811683980001362,3191,0.00033393652091378087,0.00033393652091378087,1641,1550,True,converged
31,0.2,sap_admm_halpern,1.0,0.00864686815824165,0.9412694049999573,9280,0.00033393652091378087,0.00033393652091378087,1641,7639,True,converged
32,0.2,sap_admm,0.9090909090909091,0.015019180236223026,0.3846897569999328,2359,0.00033393652091378087,0.00033393652091378087,1641,718,True,converged
32,0.2,sap_admm_halpern,0.9090909090909091,0.014497153129255059,0.9988347219998559,10565,0.00033393652091378087,0.00033393652091378087,1641,8924,True,converged
33,0.2,sap_admm,1.0,0.006491503052775235,0.4787217589998818,3392,0.00033393652091378087,0.00033393652091378087,1641,1751,True,converged
33,0.2,sap_admm_halpern,1.0,0.005926989970751701,1.2666124370000489,13879,0.00033393652091378087,0.00033393652091378087,1641,12238,True,converged
34,0.2,sap_admm,0.8,0.05344696570714839,0.5447332250000727,3614,0.00033393652091378087,0.00033393652091378087,1641,1973,True,converged
34,0.2,sap_admm_halpern,0.8,0.05347577816110905,1.0540341450000597,11432,0.00033393652091378087,0.00033393652091378087,1641,9791,True,converged
35,0.2,sap_admm,0.96,0.014117303785422634,0.3537192410001353,2452,0.00033393652091378087,0.00033393652091378087,1641,811,True,converged
35,0.2,sap_admm_halpern,0.96,0.014676885450331316,0.8217839440001171,9026,0.00033393652091378087,0.00033393652091378087,1641,7385,True,converged
36,0.2,sap_admm,0.8421052631578947,0.049946615767827496,0.27842191900003854,1973,0.00033393652091378087,0.00033393652091378087,1641,332,True,converged
36,0.2,sap_admm_halpern,0.8421052631578947,0.05252267922659053,1.026719847999857,11353,0.00033393652091378087,0.00033393652091378087,1641,9712,True,converged
37,0.2,sap_admm,0.9565217391304348,0.03607827920114292,0.3869833969999945,2735,0.00033393652091378087,0.00033393652091378087,1641,1094,True,converged
37,0.2,sap_admm_halpern,0.9565217391304348,0.0362655601589071,1.2339626100001624,13924,0.00033393652091378087,0.00033393652091378087,1641,12283,True,converged
38,0.2,sap_admm,1.0,0.004109005172931543,0.39629951999995683,2766,0.00033393652091378087,0.00033393652091378087,1641,1125,True,converged
38,0.2,sap_admm_halpern,1.0,0.004124297333337662,1.8039289569999255,20000,0.00033393652091378087,0.00033393652091378087,1641,18359,True,max_iter
39,0.2,sap_admm,1.0,0.0030377751977417196,0.2824321250000139,1977,0.00033393652091378087,0.00033393652091378087,1641,336,True,converged
39,0.2,sap_admm_halpern,1.0,0.0028602561701727646,1.0387348529998235,11051,0.00033393652091378087,0.00033393652091378087,1641,9410,True,converged
40,0.2,sap_admm,1.0,0.007509012733424081,0.33365601599984984,2386,0.00033393652091378087,0.00033393652091378087,1641,745,True,converged
40,0.2,sap_admm_halpern,1.0,0.007218214581080495,1.128488913999945,12304,0.00033393652091378087,0.00033393652091378087,1641,10663,True,converged
41,0.2,sap_admm,1.0,0.00867277881300245,0.28796952299990153,2035,0.00033393652091378087,0.00033393652091378087,1641,394,True,converged
41,0.2,sap_admm_halpern,1.0,0.007881218063995275,1.1202782589998606,12237,0.00033393652091378087,0.00033393652091378087,1641,10596,True,converged
42,0.2,sap_admm,1.0,0.004406561802217388,0.5773133709999456,4161,0.00033393652091378087,0.00033393652091378087,1641,2520,True,converged
42,0.2,sap_admm_halpern,1.0,0.004211939148386365,1.3445287549998284,15104,0.00033393652091378087,0.00033393652091378087,1641,13463,True,converged
43,0.2,sap_admm,1.0,0.006507702207695375,0.3403879039999538,2353,0.00033393652091378087,0.00033393652091378087,1641,712,True,converged
43,0.2,sap_admm_halpern,1.0,0.006366114157744161,1.1339206830000421,12381,0.00033393652091378087,0.00033393652091378087,1641,10740,True,converged
44,0.2,sap_admm,0.8571428571428571,0.03242232140351858,0.527873702000079,3609,0.00033393652091378087,0.00033393652091378087,1641,1968,True,converged
44,0.2,sap_admm_halpern,0.8571428571428571,0.03309457302102689,1.2980941289999919,14622,0.00033393652091378087,0.00033393652091378087,1641,12981,True,converged
45,0.2,sap_admm,0.6666666666666666,0.04428842073500187,0.37491063699985716,2624,0.00033393652091378087,0.00033393652091378087,1641,983,True,converged
45,0.2,sap_admm_halpern,0.6666666666666666,0.04407090793603973,0.9378578329999527,10576,0.00033393652091378087,0.00033393652091378087,1641,8935,True,converged
46,0.2,sap_admm,0.9090909090909091,0.015336936319863654,0.27288059500006057,1892,0.00033393652091378087,0.00033393652091378087,1641,251,True,converged
46,0.2,sap_admm_halpern,0.9090909090909091,0.01493076659245132,0.8308517610000763,9180,0.00033393652091378087,0.00033393652091378087,1641,7539,True,converged
47,0.2,sap_admm,0.9,0.013666362680594775,0.40941638000003877,2800,0.00033393652091378087,0.00033393652091378087,1641,1159,True,converged
47,0.2,sap_admm_halpern,0.9,0.013090519707562875,1.297114934000092,13774,0.00033393652091378087,0.00033393652091378087,1641,12133,True,converged
48,0.2,sap_admm,0.8181818181818182,0.05633565127593112,0.2842305799999849,1920,0.00033393652091378087,0.00033393652091378087,1641,279,True,converged
48,0.2,sap_admm_halpern,0.8181818181818182,0.05637095107406052,0.8660880209999959,6655,0.00033393652091378087,0.00033393652091378087,1641,5014,True,converged
49,0.2,sap_admm,1.0,0.004051903736210975,0.26598946900003284,1863,0.00033393652091378087,0.00033393652091378087,1641,222,True,converged
49,0.2,sap_admm_halpern,1.0,0.0030191922478846733,0.7129403899998579,7903,0.00033393652091378087,0.00033393652091378087,1641,6262,True,converged
50,0.2,sap_admm,0.7619047619047619,0.21923362786982073,0.39793742100005147,2821,0.00033393652091378087,0.00033393652091378087,1641,1180,True,converged
50,0.2,sap_admm_halpern,0.7619047619047619,0.21735820554748228,0.8262218129998473,9263,0.00033393652091378087,0.00033393652091378087,1641,7622,True,converged
