Digit,Metric,acc_capl1,sdcam_l1,l1,sdcam_l2
0,P/T,18.0458/0.18902,17.3397/0.750274,17.7688/0.0582918,15.01/0.278731
0,S/G,0.629363/0.195832,0.534513/0.217617,0.561274/0.255571,0.391796/0.24586
1,P/T,21.2492/0.341361,19.8585/0.783916,20.4771/0.0623092,16.3798/0.206595
1,S/G,0.483936/0.149087,0.364725/0.206442,0.387604/0.278255,0.221546/0.216865
2,P/T,17.5729/0.176845,16.8343/0.860374,17.25/0.0572622,14.67/0.268212
2,S/G,0.609125/0.228566,0.525231/0.237794,0.559443/0.262162,0.396066/0.275168
3,P/T,18.9201/0.43463,17.9234/0.889023,18.5233/0.0599014,15.2779/0.220348
3,S/G,0.556625/0.194069,0.474942/0.219047,0.496586/0.251309,0.327794/0.256562
4,P/T,18.9173/0.286348,18.5493/0.858748,18.1198/0.0574799,15.6012/0.241091
4,S/G,0.434595/0.198145,0.381005/0.212798,0.390582/0.272894,0.252663/0.24095
5,P/T,18.3091/0.418057,17.4443/0.917285,17.5749/0.0569846,15.1914/0.288577
5,S/G,0.549719/0.206344,0.462747/0.221831,0.47272/0.260188,0.326456/0.24454
6,P/T,19.435/0.153647,18.279/0.782522,18.7858/0.0589311,15.4731/0.192803
6,S/G,0.521195/0.176058,0.426291/0.211132,0.457962/0.270528,0.304419/0.231225
7,P/T,19.1881/0.287144,18.0646/0.805897,18.3468/0.0560517,15.5504/0.275137
7,S/G,0.530847/0.182436,0.421969/0.209857,0.440396/0.265745,0.288818/0.22676
8,P/T,18.1476/0.39747,17.2144/0.768517,17.4135/0.0556902,14.6455/0.273315
8,S/G,0.530808/0.199355,0.451285/0.225781,0.470001/0.265979,0.322702/0.260168
9,P/T,18.9255/0.534774,17.9976/0.820311,18.5673/0.0564821,15.3745/0.250952
9,S/G,0.532866/0.189663,0.435651/0.21135,0.463283/0.262403,0.299026/0.240206
